hanzi_simplified,hanzi_traditional,pinyin,meaning,mnemonic_simplified,mnemonic_traditional,hsk
的,的,de,diana,"En esta extraña feria, hay un CUCHARÓN BLANCO que sirve como DIANA, al cual hay que apuntar para ganar un premio.","En esta extraña feria, hay un CUCHARÓN BLANCO que sirve como DIANA, al cual hay que apuntar para ganar un premio.",1
了,了瞭,le,completar,Este NIÑO está COMPLETAMENTE envuelto en su bolsa para bebé.,Este NIÑO está COMPLETAMENTE envuelto en su bolsa para bebé.,1
在,在,zài,existir,Sólo un TALENTOSO elige bien la TIERRA en la cual va a EXISTIR.,Sólo un TALENTOSO elige bien la TIERRA en la cual va a EXISTIR.,1
是,是,shì,"correcto, ser",El DÍA CORRECTO siempre va a ser CORRECTO.,El DÍA CORRECTO siempre va a ser CORRECTO.,1
我,我,wǒ,yo,Con la MANO una LANZA lanzo YO.,Con la MANO una LANZA lanzo YO.,1
一,一,yī,uno,En la escritura china y japonesa el número UNO se representa con un trazo horizontal.,En la escritura china y japonesa el número UNO se representa con un trazo horizontal.,1
有,有,yǒu,"tener, haber",Esta persona con CARNE a su LADO la TIENE para la cena.,Esta persona con CARNE a su LADO la TIENE para la cena.,1
他,他,tā,,,,1
这,這,zhè,,,,1
个,個,gè,,,,1
和,和,hé,,,,1
不,不,bù,no,"A esta PERSONA desde el TECHO le cayó una GOTA al despertar, fue un despertar NEGATIVO.","A esta PERSONA desde el TECHO le cayó una GOTA al despertar, fue un despertar NEGATIVO.",1
就,就,jiù,,,,1
也,也,yě,,,,1
人,人,rén,persona,"Este pictograma de una PERSONA, representa a alguien caminando hacia afuera, hacia la derecha.","Este pictograma de una PERSONA, representa a alguien caminando hacia afuera, hacia la derecha.",1
你,你,nǐ,,,,1
说,說,shuō,,,,1
们,們,men,,,,1
上,上,shàng,,,,1
都,都,dōu,,,,1
对,對,duì,"correcto, par",OTRA VEZ MEDIMOS para asegurarnos de que está CORRECTO.,-,1
要,要,yào,,,,1
点,點,diǎn,,,,1
到,到,dào,,,,1
多,多,duō,,,,1
会,會,huì,"reunión, poder",Usamos PARAGUAS cuando en las NUBES se ha REUNIDO lluvia.,-,1
着,著,zhe,,,,1
来,來,lái,,,,1
她,她,tā,,,,1
还,還,hái,,,,1
没,沒,méi,,,,1
很,很,hěn,,,,1
好,好,hǎo,gustar,Una MUJER y un NIÑO son del GUSTO de todos.,Una MUJER y un NIÑO son del GUSTO de todos.,1
中,中,zhōng,,,,1
年,秊年,nián,año,"Nuestra máscara de celebración es un CABALLO con GAFAS, ¡Feliz AÑO nuevo!","Nuestra máscara de celebración es un CABALLO con GAFAS, ¡Feliz AÑO nuevo!",1
大,大,dà,grande,Pictograma de UNA PERSONA GRANDE.,Pictograma de UNA PERSONA GRANDE.,1
给,給,gěi,,,,1
从,從,cóng,"seguir, desde, a través",Esta PERSONA a esta otra PERSONA SIGUE.,-,1
看,看,kàn,,,,1
去,去,qù,,,,1
能,能,néng,,,,1
两,兩,liǎng,,,,1
下,下,xià,,,,1
做,做,zuò,,,,1
等,等,děng,,,,1
三,三,sān,tres,En la escritura china y japonesa el número TRES se representa con tres trazos horizontales.,En la escritura china y japonesa el número TRES se representa con tres trazos horizontales.,1
里,里裡,lǐ,,,,1
过,過,guò,,,,1
那,那,nà,,,,1
后,後后,hòu,,,,1
想,想,xiǎng,,,,1
地,地,dì,,,,1
用,用,yòng,"uso, necesidad",Para apuntar a la LUNA este BASTÓN USAMOS.,Para apuntar a la LUNA este BASTÓN USAMOS.,1
出,出,chū,salir,A dos MONTAÑAS hoy vamos a SALIR.,A dos MONTAÑAS hoy vamos a SALIR.,1
现,現,xiàn,,,,1
次,次,cì,,,,1
最,最,zuì,,,,1
什,什,shén,,,,1
么,麼,me,,,,1
小,小,xiǎo,pequeño,"Estas tres GOTAS, son las más PEQUEÑAS del mundo.","Estas tres GOTAS, son las más PEQUEÑAS del mundo.",1
月,月,yuè,"luna, mes",Pictograma de la LUNA.,Pictograma de la LUNA.,1
天,天,tiān,cielo,El TECHO más GRANDE es el CIELO.,El TECHO más GRANDE es el CIELO.,1
工,工,gōng,"técnica, trabajo","Pictograma de una viga, representación de la TÉCNICA de construcción.","Pictograma de una viga, representación de la TÉCNICA de construcción.",1
作,作,zuò,,,,1
家,家,jiā,,,,1
再,再,zài,,,,1
时,時,shí,,,,1
间,間,jiān,,,,1
前,前,qián,,,,1
新,新,xīn,,,,1
候,候,hòu,,,,1
些,些,xiē,,,,1
比,比,bǐ,comparar,"Con dos CUCHARAS, una en cada mano, estás COMPARANDO la comida de tu madre con la de tu suegra. Y las comparaciones nunca fueron buenas.","Con dos CUCHARAS, una en cada mano, estás COMPARANDO la comida de tu madre con la de tu suegra. Y las comparaciones nunca fueron buenas.",1
走,走,zǒu,"caminar, correr",En este TERRENO de manera CORRECTA corremos y CAMINAMOS.,En este TERRENO de manera CORRECTA corremos y CAMINAMOS.,1
太,太,tài,,,,1
找,找,zhǎo,,,,1
四,四,sì,cuatro,"Curiosamente, esta BOCA dice que sus PIERNAS son CUATRO.","Curiosamente, esta BOCA dice que sus PIERNAS son CUATRO.",1
几,幾几,jǐ,"mesa, cuánto",Pictograma de una MESA para contar cuántos documentos tenemos.,Esta PERSONA tiene LANZAS y CAPULLOS y en su mesa cuenta CUÁNTOS.,1
本,本,běn,libro,UN solo trozo de ÁRBOL puede crear un LIBRO entero.,UN solo trozo de ÁRBOL puede crear un LIBRO entero.,1
打,打,dǎ,,,,1
呢,呢,ne,,,,1
事,事,shì,,,,1
起,起,qǐ,,,,1
车,車,chē,vehículo,"En UN arrozal gané suficiente para comprar DIEZ más DIEZ, es decir, veinte VEHÍCULOS.","En un ARROZAL gané suficiente para comprar DIEZ más DIEZ, es decir, veinte VEHÍCULOS.",1
非,非,fēi,,,,1
常,常,cháng,habitual,Esta ESTIMADA TOALLA la usamos de manera HABITUAL.,Esta ESTIMADA TOALLA la usamos de manera HABITUAL.,1
知,知,zhī,,,,1
道,道,dào,,,,1
手,手,shǒu,,,,1
今,今,jīn,,,,1
五,五,wǔ,cinco,"Tanto LLAVES, como BASTONES, no podemos tener UNO, necesitamos CINCO.","Tanto LLAVES, como BASTONES, no podemos tener UNO, necesitamos CINCO.",1
二,二,èr,dos,En la escritura china y japonesa el número DOS se representa con dos trazos horizontales.,En la escritura china y japonesa el número DOS se representa con dos trazos horizontales.,1
吗,嗎,ma,,,,1
真,真,zhēn,,,,1
跟,跟,gēn,,,,1
孩,孩,hái,,,,1
子,子,zi,niño,Pictograma de un NIÑO semi envuelto en una bolsa para bebé.,Pictograma de un NIÑO semi envuelto en una bolsa para bebé.,1
高,高,gāo,alto,Este EXTRATERRESTRE se ha puesto esta CHISTERA y exclamó por su BOCA sorprendido por verse más ALTO con ella puesta.,Este EXTRATERRESTRE se ha puesto esta CHISTERA y exclamó por su BOCA sorprendido por verse más ALTO con ella puesta.,1
日,日,rì,"día, sol","Pictograma del sol, el cual marca el transcurso de nuestros DÍAS.","Pictograma del sol, el cual marca el transcurso de nuestros DÍAS.",1
觉,覺,jué,,,,1
得,得,dé,,,,1
吧,吧,ba,sugerencia,A través de mi BOCA expreso mis DESEOS y SUGERENCIAS.,A través de mi BOCA expreso mis DESEOS y SUGERENCIAS.,1
话,話,huà,,,,1
钱,錢,qián,,,,1
开,開,kāi,abrir,Con UNA o con las DOS MANOS ABRIMOS lo que sea.,Con UNA o con las DOS MANOS ABRIMOS lo que sea.,1
岁,歲,suì,,,,1
吃,吃,chī,,,,1
身,身,shēn,,,,1
重,重,zhòng,,,,1
爱,愛,ài,amor,Cuando nuestro GALLINERO está lleno de AMISTAD también estará lleno de AMOR.,Se nota en nuestras PIERNAS ANDANTES y en nuestro CORAZÓN cuando nuestro GALLINERO está lleno de AMOR.,1
国,國,guó,,,,1
买,買,mǎi,,,,1
号,號,hào,,,,1
喜,喜,xǐ,,,,1
欢,驩讙歡,huān,,,,1
怎,怎,zěn,,,,1
分,分,fēn,,,,1
谁,誰,shuí,quién,"Aquellas PALABRAS que este PÁJARO se está diciendo a sí mismo todo el día son: ""¿QUIÉN soy?","Aquellas PALABRAS que este PÁJARO se está diciendo a sí mismo todo el día son: ""¿QUIÉN soy?",1
告,告,gào,,,,1
诉,訴,sù,,,,1
样,樣,yàng,,,,1
方,方,fāng,,,,1
十,十,shí,diez,"En la escritura china y japonesa, el número DIEZ se representa con un trazo horizontal y otro vertical, en forma de cruz.","En la escritura china y japonesa, el número DIEZ se representa con un trazo horizontal y otro vertical, en forma de cruz.",1
见,見,jiàn,,,,1
六,六,liù,seis,"Entre mis dos CHISTERAS y las cuatro PATAS de la silla que tengo en mi habitación, sumo SEIS.","Entre mis dos CHISTERAS y las cuatro PATAS de la silla que tengo en mi habitación, sumo SEIS.",1
问,問,wèn,,,,1
叫,叫,jiào,,,,1
回,回迴,huí,,,,1
正,正,zhèng,correcto,DETENERSE UNA o las veces necesarias a pensar es lo CORRECTO.,DETENERSE UNA o las veces necesarias a pensar es lo CORRECTO.,1
快,快,kuài,,,,1
住,住,zhù,,,,1
请,請,qǐng,,,,1
水,水,shuǐ,,,,1
东,東,dōng,,,,1
西,西,xī,,,,1
听,聽听,tīng,,,,1
老,老,lǎo,,,,1
机,機,jī,,,,1
电,電,diàn,,,,1
行,行,xíng,,,,1
朋,朋,péng,compañía,Estas dos LUNAS son COMPAÑERAS.,Estas dos LUNAS son COMPAÑERAS.,1
友,友,yǒu,amistad,"Aquella persona que está OTRA VEZ y otra vez A TU LADO, es una gran AMISTAD.","Aquella persona que está OTRA VEZ y otra vez A TU LADO, es una gran AMISTAD.",1
拿,拿,ná,,,,1
路,路,lù,,,,1
外,外,wài,,,,1
放,放,fàng,,,,1
学,學,xué,,,,1
校,校,xiào,,,,1
别,別彆,bié,separación,"Imagina un guerrero con toda su FUERZA, gritando desde su BOCA porque de su ESPADA está SEPARADO.","Imagina un guerrero EMPAQUETADO, gritando desde su BOCA porque de su ESPADA está SEPARADO.",1
站,站,zhàn,,,,1
准,準准,zhǔn,,,,1
备,備,bèi,,,,1
元,元,yuán,,,,1
进,進,jìn,,,,1
写,寫,xiě,,,,1
先,先,xiān,,,,1
您,您,nín,,,,1
女,女,nǚ,,,,1
生,生,shēng,,,,1
门,門,mén,,,,1
八,八,bā,ocho,"El carácter de OCHO está formado por una línea corta seguida por otra línea un poco más larga, inclinada hacia la primera pero sin llegar a tocarla.","El carácter de OCHO está formado por una línea corta seguida por otra línea un poco más larga, inclinada hacia la primera pero sin llegar a tocarla.",1
七,七,qī,siete,"A la hora de ir a pescar, no llevo UN sólo ANZUELO, sino que llevo SIETE.","A la hora de ir a pescar, no llevo UN sólo ANZUELO, sino que llevo SIETE.",1
送,送,sòng,,,,1
花,花,huā,,,,1
第,第,dì,,,,1
块,塊,kuài,,,,1
坐,坐,zuò,sentarse,SEGUIMOS esta TIERRA para SENTARNOS.,SEGUIMOS esta TIERRA para SENTARNOS.,1
影,影,yǐng,,,,1
昨,昨,zuó,,,,1
笑,笑,xiào,,,,1
介,介,jiè,,,,1
绍,紹,shào,,,,1
书,書,shū,,,,1
少,少,shǎo,,,,1
楼,樓,lóu,,,,1
医,醫,yī,,,,1
院,院,yuàn,,,,1
早,早,zǎo,,,,1
晚,晚,wǎn,,,,1
男,男,nán,,,,1
习,習,xí,,,,1
口,口,kǒu,boca,Pictograma de una BOCA.,Pictograma de una BOCA.,1
穿,穿,chuān,,,,1
午,午,wǔ,,,,1
认,認,rèn,,,,1
识,識,shí,,,,1
难,難,nán,,,,1
球,球,qiú,,,,1
九,九,jiǔ,nueve,"A la hora de ir a pescar, no llevo UN sólo ANZUELO y BASTÓN, llevo NUEVE.","A la hora de ir a pescar, no llevo UN sólo ANZUELO y BASTÓN, llevo NUEVE.",1
妈,媽,mā,,,,1
汽,汽,qì,,,,1
跑,跑,pǎo,,,,1
动,動,dòng,,,,1
儿,兒,ér,hijo,Pictograma de las piernas de un HIJO.,-,1
远,遠,yuǎn,,,,1
帮,幫,bāng,ayudar,Nuestra NACIÓN es como una TOALLA que nos AYUDA.,-,1
视,視,shì,,,,1
师,師,shī,,,,1
百,百,bǎi,cien,BLANCO se torna el cabello cuando tenemos no UNO sino CIEN años.,BLANCO se torna el cabello cuando tenemos no UNO sino CIEN años.,1
半,半,bàn,mitad,Con esta PEQUEÑA AGUJA se puede atravesar un pelo por la MITAD.,Con esta PEQUEÑA AGUJA se puede atravesar un pelo por la MITAD.,1
干,乾干幹,gàn,,,,1
体,體,tǐ,,,,1
喝,喝,hē,,,,1
网,網,wǎng,,,,1
字,字,zì,,,,1
杯,杯,bēi,vaso,Este ÁRBOL dice NO ante la idea de que lo transformen en un VASO.,Este ÁRBOL dice NO ante la idea de que lo transformen en un VASO.,1
飞,飛,fēi,,,,1
哪,哪,nǎ,,,,1
包,包,bāo,paquete,En invierno YO estoy EMPAQUETADO en un PAQUETE que es mi cama.,En invierno YO estoy EMPAQUETADO en un PAQUETE que es mi cama.,1
脑,腦,nǎo,,,,1
歌,歌,gē,canción,Todos BOSTEZAN cuando este HERMANO MAYOR CANTA.,Todos BOSTEZAN cuando este HERMANO MAYOR CANTA.,1
山,山,shān,montaña,Pictograma de una MONTAÑA.,Pictograma de una MONTAÑA.,1
热,熱,rè,,,,1
唱,唱,chàng,cantar,Parece que hay dos SOLES en el cielo cuando esta BOCA está CANTANDO sus hermosas melodías.,Parece que hay dos SOLES en el cielo cuando esta BOCA está CANTANDO sus hermosas melodías.,1
名,名,míng,,,,1
白,白,bái,blanco,Los rayos de SOL son como GOTITAS de luz BLANCA.,Los rayos de SOL son como GOTITAS de luz BLANCA.,1
病,病,bìng,enfermedad,Una ENFERMEDAD aunque sea de TERCERA CLASE no deja de ser una ENFERMEDAD al final.,Una ENFERMEDAD aunque sea de TERCERA CLASE no deja de ser una ENFERMEDAD al final.,1
票,票,piào,,,,1
睡,睡,shuì,,,,1
房,房,fáng,,,,1
明,明,míng,claro,"El SOL en el día, y la LUNA en la noche nos brindan CLARIDAD.","El SOL en el día, y la LUNA en la noche nos brindan CLARIDAD.",1
差,差,chà,diferencia,Es bien sabido que la TÉCNICA para obtener la lana de OVEJA entre un esquilador y otro puede presentar una gran DIFERENCIA.,Es bien sabido que la TÉCNICA para obtener la lana de OVEJA entre un esquilador y otro puede presentar una gran DIFERENCIA.,1
风,風,fēng,,,,1
马,馬,mǎ,,,,1
错,錯,cuò,,,,1
读,讀,dú,,,,1
答,答,dá,,,,1
兴,興,xīng,,,,1
试,試,shì,,,,1
爸,爸,bà,padre,DESEO que mi PADRE siempre sea un buen PADRE.,DESEO que mi PADRE siempre sea un buen PADRE.,1
教,教,jiào,,,,1
边,邊,biān,lado,En el CAMINO hay que tener FUERZA para llegar a este LADO.,-,1
谢,謝,xiè,,,,1
记,記,jì,,,,1
班,班,bān,clase,Con una ESPADA con dos JOYAS se practica en esta CLASE.,Con una ESPADA con dos JOYAS se practica en esta CLASE.,1
忙,忙,máng,ocupado,Todas las demás cosas FALLECEN cuando nuestro CORAZÓN está OCUPADO en algo.,Todas las demás cosas FALLECEN cuando nuestro CORAZÓN está OCUPADO en algo.,1
考,攷考,kǎo,,,,1
南,南,nán,,,,1
关,關,guān,,,,1
同,仝同,tóng,,,,1
衣,衣,yī,,,,1
服,服,fú,,,,1
北,北,běi,norte,Dos CUCHARAS llevamos al NORTE por si acaso.,Dos CUCHARAS llevamos al NORTE por si acaso.,1
菜,菜,cài,verdura,RECOLECTAMOS FLORES y VERDURAS para este banquete.,RECOLECTAMOS FLORES y VERDURAS para este banquete.,1
床,床,chuáng,cama,Este AMPLIO ÁRBOL lo convertimos en CAMA.,Este AMPLIO ÁRBOL lo convertimos en CAMA.,1
休,休,xiū,,,,1
息,息,xī,,,,1
冷,冷,lěng,,,,1
肉,肉,ròu,carne,Una PERSONA en su INTERIOR está hecha de CARNE.,Una PERSONA en su INTERIOR está hecha de CARNE.,1
零,零,líng,,,,1
坏,壞,huài,,,,1
树,樹,shù,,,,1
饭,飯,fàn,,,,1
忘,忘,wàng,,,,1
气,氣,qì,espíritu,Aquí estamos RECLINADOS en el SUELO con un ANZUELO imaginario tratando de capturar energía para nuestro ESPÍRITU.,-,1
右,右,yòu,,,,1
课,課,kè,,,,1
洗,洗,xǐ,,,,1
左,左,zuǒ,,,,1
累,纍累,lèi,,,,1
毛,毛,máo,,,,1
姐,姐,jiě,,,,1
雨,雨,yǔ,,,,1
旁,旁,páng,,,,1
京,京,jīng,capital,"En comparación con los ALTOS edificios, todas las personas se ven PEQUEÑAS en la CAPITAL.","En comparación con los ALTOS edificios, todas las personas se ven PEQUEÑAS en la CAPITAL.",1
页,頁,yè,,,,1
贵,貴,guì,,,,1
面,面麵,miàn,,,,1
哥,哥,gē,hermano mayor,Todo es POSIBLE y nuevamente POSIBLE para este HERMANO MAYOR.,Todo es POSIBLE y nuevamente POSIBLE para este HERMANO MAYOR.,1
茶,茶,chá,te,Estos ÁRBOLES con PARAGUAS son para proteger las FLORES del TÉ en esta plantación.,Estos ÁRBOLES con PARAGUAS son para proteger las FLORES del TÉ en esta plantación.,1
慢,慢,màn,,,,1
星,星,xīng,,,,1
期,期,qī,,,,1
场,場,chǎng,,,,1
妹,妹,mèi,,,,1
火,火,huǒ,,,,1
弟,弟,dì,,,,1
净,淨,jìng,,,,1
奶,奶嬭,nǎi,,,,1
饿,餓,è,,,,1
果,果,guǒ,,,,1
图,圖,tú,,,,1
店,店,diàn,tienda,Son AMPLIOS los estantes relacionados a la ADIVINACIÓN en esta TIENDA.,Son AMPLIOS los estantes relacionados a la ADIVINACIÓN en esta TIENDA.,1
爷,爺,yé,,,,1
牛,牛,niú,,,,1
商,商,shāng,,,,1
馆,館,guǎn,,,,1
文,文,wén,,,,1
桌,桌,zhuō,,,,1
鸡,雞,jī,,,,1
蛋,蛋,dàn,,,,1
玩,玩,wán,,,,1
系,系繫係,xì,,,,1
假,假,jiǎ,,,,1
语,語,yǔ,,,,1
汉,漢,hàn,,,,1
客,客,kè,invitado,"En esta hospitalaria CASA, CADA UNO de los INVITADOS es bienvenido.","En esta hospitalaria CASA, CADA UNO de los INVITADOS es bienvenido.",1
渴,渴,kě,,,,1
米,米,mǐ,arroz,Pictograma de unos granos de ARROZ.,Pictograma de unos granos de ARROZ.,1
条,條,tiáo,,,,1
为,為,wèi,,,,2
自,自,zì,,,,2
己,己,jǐ,yo,Pictograma que representa el YO.,Pictograma que representa el YO.,2
但,但,dàn,,,,2
可,可,kě,posible,"Imagina un tiburón que tiene CLAVOS en su BOCA, todo es POSIBLE para él.","Imagina un tiburón que tiene CLAVOS en su BOCA, todo es POSIBLE para él.",2
以,以,yǐ,,,,2
让,讓,ràng,,,,2
又,又,yòu,otra vez,"UNO o varios BRAZOS, OTRA VEZ nos ayudarán.","UNO o varios BRAZOS, OTRA VEZ nos ayudarán.",2
已,已,yǐ,,,,2
经,經,jīng,,,,2
因,因,yīn,,,,2
题,題,tí,,,,2
如,如,rú,,,,2
更,更,gèng,,,,2
它,它,tā,,,,2
只,隻秖只,zhǐ,,,,2
向,嚮向,xiàng,,,,2
该,該,gāi,,,,2
位,位,wèi,,,,2
才,纔才,cái,talento,Estos DEDOS poseen un gran TALENTO.,Estos DEDOS poseen un gran TALENTO.,2
当,噹當,dāng,,,,2
所,所,suǒ,,,,2
公,公,gōng,,,,2
司,司,sī,,,,2
万,萬,wàn,,,,2
像,像,xiàng,,,,2
活,活,huó,,,,2
发,髮發,fā,"cabello, salida",Con dos GOTAS de agua a nuestro AMIGO limpiamos el PELO.,"El mejor AMIGO de las mujeres es el PELO LARGO cuando se trata de CABELLO. Con nuestra ARMA que es un ARCO, en mano, dejamos PISADAS porque comenzamos la SALIDA.",2
应,應,yīng,,,,2
成,成,chéng,,,,2
直,直,zhí,,,,2
定,定,dìng,,,,2
带,帶,dài,,,,2
或,或,huò,o,"UNA LANZA, una BOCA, O algo más, no sabemos qué es más poderoso.","UNA LANZA, una BOCA, O algo más, no sabemos qué es más poderoso.",2
长,長,zhǎng,,,,2
而,而,ér,,,,2
且,且,qiě,,,,2
其,其,qí,,,,2
通,通,tōng,,,,2
必,必,bì,,,,2
须,鬚須,xū,,,,2
求,求,qiú,,,,2
虽,雖,suī,,,,2
然,然,rán,,,,2
啊,啊,a,,,,2
参,參,cān,,,,2
加,加,jiā,,,,2
件,件,jiàn,,,,2
情,情,qíng,,,,2
结,結,jié,,,,2
感,感,gǎn,,,,2
头,頭,tóu,,,,2
者,者,zhě,,,,2
全,全,quán,,,,2
入,入,rù,,,,2
安,安,ān,,,,2
够,夠,gòu,,,,2
信,信,xìn,,,,2
完,完,wán,,,,2
响,響,xiǎng,,,,2
原,原,yuán,,,,2
计,計,jì,,,,2
划,劃划,huà,,,,2
使,使,shǐ,,,,2
接,接,jiē,,,,2
受,受,shòu,,,,2
拉,拉,lā,tirar,PARADO con nuestras MANOS TIRAMOS esta puerta para abrirla.,PARADO con nuestras MANOS TIRAMOS esta puerta para abrirla.,2
周,周週,zhōu,,,,2
特,特,tè,,,,2
部,部,bù,,,,2
短,短,duǎn,,,,2
务,務,wù,,,,2
片,片,piàn,,,,2
钟,鐘鍾,zhōng,,,,2
表,表錶,biǎo,,,,2
示,示,shì,"mostrar, altar",Solamente DOS PEQUEÑAS cosas vamos a MOSTRAR como ofrenda cuando vamos al altar.,Solamente DOS PEQUEÑAS cosas vamos a MOSTRAR como ofrenda cuando vamos al altar.,2
卡,卡,kǎ,,,,2
刚,剛,gāng,,,,2
讲,講,jiǎng,,,,2
相,相,xiāng,,,,2
助,助,zhù,,,,2
努,努,nǔ,,,,2
力,力,lì,"fuerza, poder",Pictograma de un músculo y su FUERZA.,Pictograma de un músculo y su FUERZA.,2
心,心,xīn,,,,2
越,越,yuè,,,,2
主,主,zhǔ,,,,2
千,千,qiān,,,,2
段,段,duàn,,,,2
组,組,zǔ,,,,2
卖,賣,mài,,,,2
办,辦,bàn,,,,2
法,法,fǎ,,,,2
闻,聞,wén,,,,2
般,般,bān,,,,2
近,近,jìn,,,,2
变,變,biàn,,,,2
辆,輛,liàng,,,,2
克,克剋,kè,,,,2
庭,庭,tíng,patio,Este TRIBUNAL tiene un AMPLIO PATIO.,Este TRIBUNAL tiene un AMPLIO PATIO.,2
音,音,yīn,sonido,Esta persona está DE PIE todo el DÍA ejecutando los más diversos SONIDOS.,Esta persona está DE PIE todo el DÍA ejecutando los más diversos SONIDOS.,2
乐,樂,lè,,,,2
交,交,jiāo,,,,2
离,离離,lí,,,,2
套,套,tào,,,,2
改,改,gǎi,,,,2
许,許,xǔ,,,,2
份,份,fèn,,,,2
红,紅,hóng,,,,2
低,低,dī,,,,2
队,隊,duì,,,,2
育,育,yù,,,,2
数,數,shù,,,,2
座,座,zuò,sentarse,"A la hora de SENTARSE, un lugar AMPLIO es el mejor lugar para SENTARSE.","A la hora de SENTARSE, un lugar AMPLIO es el mejor lugar para SENTARSE.",2
市,市,shì,,,,2
换,換,huàn,,,,2
银,銀,yín,,,,2
句,句,jù,frase,Las palabras EMPAQUETADAS que salen de la BOCA son una FRASE.,Las palabras EMPAQUETADAS que salen de la BOCA son una FRASE.,2
际,際,jì,,,,2
靠,靠,kào,,,,2
称,稱,chēng,,,,2
选,選,xuǎn,,,,2
提,提,tí,,,,2
末,末,mò,,,,2
检,檢,jiǎn,,,,2
查,查,chá,,,,2
故,故,gù,,,,2
脸,臉,liǎn,,,,2
往,往,wǎng,,,,2
掉,掉,diào,,,,2
黑,黑,hēi,,,,2
度,度,dù,grado,OTRA VEZ por un AMPLIO periodo VEINTE GRADOS.,OTRA VEZ por un AMPLIO periodo VEINTE GRADOS.,2
收,收,shōu,,,,2
省,省,shěng,,,,2
海,海,hǎi,,,,2
愿,愿願,yuàn,,,,2
意,意,yì,,,,2
实,實,shí,,,,2
超,超,chāo,,,,2
健,健,jiàn,,,,2
康,康,kāng,sano,Este ESCLAVO está AMPLIAMENTE SANO.,Este ESCLAVO está AMPLIAMENTE SANO.,2
眼,眼,yǎn,,,,2
清,清,qīng,,,,2
楚,楚,chǔ,,,,2
倒,倒,dào,,,,2
装,裝,zhuāng,,,,2
停,停,tíng,,,,2
亿,億,yì,,,,2
留,留,liú,,,,2
算,算,suàn,,,,2
声,聲,shēng,,,,2
照,照,zhào,,,,2
广,广廣,guǎng,amplio,Una GOTA es muy pequeña para un PRECIPICIO tan AMPLIO.,Una GOTA es muy pequeña para un PRECIPICIO tan AMPLIO.,2
永,永,yǒng,,,,2
层,層,céng,,,,2
平,平,píng,,,,2
药,葯藥,yào,,,,2
级,級,jí,,,,2
狗,狗,gǒu,,,,2
节,節,jié,,,,2
目,目,mù,ojo,Pictograma de un OJO.,Pictograma de un OJO.,2
睛,睛,jīng,,,,2
满,滿,mǎn,,,,2
酒,酒,jiǔ,,,,2
迎,迎,yíng,,,,2
举,舉,jǔ,,,,2
科,科,kē,,,,2
占,占,zhàn,adivinación,"Primero usará la VARITA MÁGICA, y a continuación la BOCA del adivino expresará su ADIVINACIÓN.","Primero usará la VARITA MÁGICA, y a continuación la BOCA del adivino expresará su ADIVINACIÓN.",2
排,排,pái,,,,2
轻,輕,qīng,,,,2
讨,討,tǎo,,,,2
论,論,lùn,,,,2
挺,挺,tǐng,,,,2
由,由,yóu,,,,2
运,運,yùn,,,,2
怕,怕,pà,,,,2
脚,腳,jiǎo,,,,2
普,普,pǔ,,,,2
取,取,qǔ,,,,2
笔,筆,bǐ,,,,2
油,油,yóu,aceite,El AGUA que sale de este BROTE es el ACEITE de la planta.,El AGUA que sale de este BROTE es el ACEITE de la planta.,2
漂,漂,piāo,,,,2
亮,亮,liàng,,,,2
夜,夜,yè,,,,2
画,畫,huà,,,,2
室,室,shì,,,,2
哭,哭,kū,,,,2
惯,慣,guàn,,,,2
单,單,dān,,,,2
绩,績,jì,,,,2
推,推,tuī,,,,2
流,流,liú,,,,2
懂,懂,dǒng,,,,2
街,街,jiē,,,,2
鱼,魚,yú,,,,2
量,量,liàng,,,,2
态,態,tài,,,,2
猫,貓,māo,,,,2
确,確,què,,,,2
蓝,藍,lán,,,,2
思,思,sī,,,,2
篇,篇,piān,,,,2
封,封,fēng,,,,2
黄,黃,huáng,,,,2
旅,旅,lǚ,,,,2
游,游遊,yóu,,,,2
弄,弄,nòng,,,,2
嘴,嘴,zuǐ,,,,2
船,船,chuán,,,,2
腿,骽腿,tuǐ,,,,2
借,借,jiè,,,,2
顺,順,shùn,,,,2
利,利,lì,,,,2
言,言,yán,,,,2
物,物,wù,,,,2
英,英,yīng,,,,2
纸,紙,zhǐ,,,,2
背,背,bèi,,,,2
雪,雪,xuě,,,,2
便,便,biàn,,,,2
遍,遍,biàn,,,,2
词,詞,cí,,,,2
理,理,lǐ,,,,2
角,角,jiǎo,,,,2
养,養,yǎng,,,,2
鞋,鞋,xié,,,,2
急,急,jí,,,,2
瓶,瓶,píng,botella,Con esta FILA de TEJAS hacemos una BOTELLA.,Con esta FILA de TEJAS hacemos una BOTELLA.,2
观,觀,guān,,,,2
鸟,鳥,niǎo,,,,2
墙,牆,qiáng,,,,2
颜,顏顔,yán,,,,2
色,色,sè,,,,2
阳,陽,yáng,,,,2
顾,顧,gù,,,,2
咱,咱,zán,,,,2
河,河,hé,,,,2
报,報,bào,,,,2
味,味,wèi,,,,2
租,租,zū,,,,2
喊,喊,hǎn,,,,2
灯,燈,dēng,,,,2
空,空,kōng,,,,2
青,青,qīng,,,,2
吹,吹,chuī,,,,2
园,園,yuán,,,,2
绿,綠,lǜ,,,,2
练,練,liàn,,,,2
食,食,shí,,,,2
合,合,hé,,,,2
适,適,shì,,,,2
骑,騎,qí,,,,2
久,久,jiǔ,,,,2
礼,禮,lǐ,,,,2
湖,湖,hú,,,,2
随,隨,suí,,,,2
喂,喂餵,wèi,,,,2
爬,爬,pá,,,,2
宜,宜,yí,,,,2
处,處,chù,,,,2
云,云雲,yún,nube,Con UN ANTEBRAZO nos protegemos de la lluvia de esta NUBE.,"El agua que se transformará en LLUVIA sube al cielo en forma de vapor contenido en NUBES, y se queda almacenada en las NUBES.",2
铁,鐵,tiě,,,,2
草,草,cǎo,,,,2
业,業,yè,,,,2
夏,夏,xià,,,,2
例,例,lì,,,,2
疼,疼,téng,,,,2
复,復複,fù,"replegar, restaurar",Hacia donde los soldados puedan RECLINARSE y descansar sus PIERNAS ANDANTES luego de un DÍA de combate nos REPLEGAMOS.,Hacia donde los soldados puedan RECLINARSE y descansar sus PIERNAS ANDANTES luego de un DÍA de combate nos REPLEGAMOS.,2
晨,晨,chén,,,,2
碗,碗,wǎn,,,,2
碰,碰,pèng,,,,2
姓,姓,xìng,,,,2
静,靜,jìng,,,,2
舒,舒,shū,,,,2
冬,鼕冬,dōng,,,,2
斤,斤,jīn,,,,2
于,於于,yú,,,,2
刻,刻,kè,,,,2
熟,熟,shú,,,,2
温,溫,wēn,,,,2
忽,忽,hū,,,,2
篮,籃,lán,,,,2
阴,陰,yīn,,,,2
春,春,chūn,,,,2
餐,餐,cān,,,,2
共,共,gòng,,,,2
澡,澡,zǎo,,,,2
凉,涼,liáng,,,,2
椅,椅,yǐ,,,,2
脏,髒臟,zàng,,,,2
晴,晴,qíng,,,,2
堂,堂,táng,,,,2
饱,飽,bǎo,,,,2
秋,秋,qiū,,,,2
护,護,hù,,,,2
印,印,yìn,,,,2
筷,筷,kuài,,,,2
饺,餃,jiǎo,,,,2
典,典,diǎn,,,,2
板,板闆,bǎn,,,,2
王,王,wáng,rey,Pictograma del cetro de un REY.,Pictograma del cetro de un REY.,2
被,被,bèi,,,,3
把,把,bǎ,,,,3
并,並併,bìng,fila,ABRIMOS los CUERNOS para ponerlos en una FILA.,Pictograma de una FILA.,3
始,始,shǐ,,,,3
极,極,jí,,,,3
种,種,zhǒng,,,,3
需,需,xū,,,,3
希,希,xī,,,,3
望,朢望,wàng,,,,3
况,況,kuàng,,,,3
世,世,shì,,,,3
界,界,jiè,,,,3
内,內,nèi,interior,Este CINTURÓN tiene a esta PERSONA en su INTERIOR.,Este CINTURÓN tiene a esta PERSONA en su INTERIOR.,3
每,每,měi,,,,3
美,美,měi,,,,3
继,繼,jì,,,,3
续,續,xù,,,,3
张,張,zhāng,,,,3
总,總,zǒng,,,,3
赛,賽,sài,,,,3
任,任,rèn,,,,3
何,何,hé,,,,3
决,決,jué,,,,3
连,連,lián,,,,3
较,較,jiào,,,,3
城,城,chéng,,,,3
式,式,shì,,,,3
解,解,jiě,,,,3
死,死,sǐ,,,,3
员,員,yuán,,,,3
展,展,zhǎn,,,,3
支,支,zhī,,,,3
持,持,chí,,,,3
功,功,gōng,,,,3
此,此,cǐ,,,,3
社,社,shè,,,,3
消,消,xiāo,,,,3
强,強,qiáng,,,,3
技,技,jì,,,,3
术,術,shù,,,,3
切,切,qiè,,,,3
调,調,diào,,,,3
区,區,qū,,,,3
束,束,shù,,,,3
存,存,cún,,,,3
代,代,dài,,,,3
整,整,zhěng,,,,3
除,除,chú,,,,3
台,台檯臺颱,tái,,,,3
按,按,àn,,,,3
设,設,shè,,,,3
戏,戲,xì,,,,3
精,精,jīng,,,,3
神,神,shén,,,,3
注,注註,zhù,,,,3
各,各,gè,cada uno,"Tanto las PIERNAS ANDANTES como la BOCA, CADA UNO tiene su forma de usarlas.","Tanto las PIERNAS ANDANTES como la BOCA, CADA UNO tiene su forma de usarlas.",3
另,另,lìng,,,,3
双,雙,shuāng,,,,3
线,線,xiàn,,,,3
约,約,yuē,,,,3
保,保,bǎo,,,,3
转,轉,zhuǎn,,,,3
突,突,tū,,,,3
终,終,zhōng,,,,3
联,聯,lián,,,,3
指,指,zhǐ,,,,3
标,標,biāo,,,,3
拍,拍,pāi,,,,3
金,金,jīn,,,,3
管,管,guǎn,,,,3
根,根,gēn,,,,3
容,容,róng,,,,3
易,易,yì,,,,3
程,程,chéng,,,,3
建,建,jiàn,,,,3
议,議,yì,,,,3
济,濟,jì,,,,3
曾,曾,céng,anteriormente,Todos los DÍAS se ponían CUERNOS alrededor de los ARROZALES para asustar a los malos espíritus ANTERIORMENTE.,Todos los DÍAS se ponían CUERNOS alrededor de los ARROZALES para asustar a los malos espíritus ANTERIORMENTE.,3
民,民,mín,,,,3
坚,堅,jiān,,,,3
规,規,guī,,,,3
环,環,huán,,,,3
境,境,jìng,,,,3
证,證証,zhèng,,,,3
责,責,zé,,,,3
造,造,zào,,,,3
显,顯,xiǎn,,,,3
简,簡,jiǎn,,,,3
专,專,zhuān,,,,3
基,基,jī,,,,3
仍,仍,réng,,,,3
父,父,fù,padre,Cuatro GOTAS de sudor hay en la frente de este PADRE que trabaja sin descanso.,Cuatro GOTAS de sudor hay en la frente de este PADRE que trabaja sin descanso.,3
亲,親,qīn,,,,3
性,性,xìng,,,,3
某,某,mǒu,algún,"Esta CESTA olvidada bajo un ÁRBOL, de seguro es para ALGÚN propósito.","Esta CESTA olvidada bajo un ÁRBOL, de seguro es para ALGÚN propósito.",3
命,命,mìng,,,,3
达,達,dá,,,,3
义,義,yì,,,,3
断,斷,duàn,,,,3
类,類,lèi,,,,3
媒,媒,méi,,,,3
首,首,shǒu,,,,3
母,母,mǔ,,,,3
化,化,huà,,,,3
立,立,lì,parado,"Pictograma de una persona en postura vertical, es decir, PARADO.","Pictograma de una persona en postura vertical, es decir, PARADO.",3
产,產,chǎn,producción,"Estoy PARADO en este PRECIPICIO, arriesgando la vida por la PRODUCCIÓN.","Estoy PARADO en este PRECIPICIO, arriesgando la VIDA por la PRODUCCIÓN.",3
光,光,guāng,,,,3
派,派,pài,,,,3
负,負,fù,,,,3
仅,僅,jǐn,,,,3
谈,談,tán,,,,3
深,深,shēn,,,,3
领,領,lǐng,,,,3
导,導,dǎo,,,,3
增,增,zēng,aumento,En comparación con ANTERIORMENTE esta TIERRA ha AUMENTADO su valor.,En comparación con ANTERIORMENTE esta TIERRA ha AUMENTADO su valor.,3
至,至,zhì,,,,3
训,訓,xùn,,,,3
压,壓,yā,,,,3
价,價,jià,,,,3
值,值,zhí,,,,3
绝,絕,jué,,,,3
属,屬,shǔ,,,,3
格,格,gé,,,,3
底,底,dǐ,,,,3
历,曆歷,lì,,,,3
验,驗,yàn,,,,3
状,狀,zhuàng,,,,3
品,品,pǐn,,,,3
步,步,bù,,,,3
伤,傷,shāng,,,,3
具,具,jù,,,,3
困,睏困,kùn,,,,3
幸,幸倖,xìng,,,,3
福,福,fú,,,,3
众,眾,zhòng,,,,3
婚,婚,hūn,,,,3
抓,抓,zhuā,,,,3
警,警,jǐng,,,,3
察,察,chá,,,,3
效,效,xiào,,,,3
范,範,fàn,,,,3
围,圍,wéi,,,,3
紧,緊,jǐn,,,,3
集,集,jí,coleccionar,En este ÁRBOL PÁJAROS COLECCIONAMOS.,En este ÁRBOL PÁJAROS COLECCIONAMOS.,3
血,血,xuè,,,,3
速,速,sù,,,,3
艺,藝,yì,,,,3
纪,紀,jì,,,,3
职,職,zhí,,,,3
失,失,shī,,,,3
营,營,yíng,,,,3
演,演,yǎn,,,,3
挂,掛,guà,,,,3
群,群,qún,,,,3
龙,龍,lóng,dragón,Hay SIETE GOTAS de fuego a cada LADO de este DRAGÓN.,PARADO bajo la LUNA lanza TRES ANZUELOS de fuego como si fueran LAZOS este  DRAGÓN.,3
资,資,zī,,,,3
丽,麗,lì,,,,3
跳,跳,tiào,,,,3
反,反,fǎn,,,,3
传,傳,chuán,,,,3
采,采採,cǎi,recolectar,Golpeando este ÁRBOL con las UÑAS podemos RECOLECTAR lo que cae.,Golpeando este ÁRBOL con las UÑAS podemos RECOLECTAR lo que cae.,3
充,充,chōng,,,,3
础,礎,chǔ,,,,3
朝,朝,cháo,,,,3
宣,宣,xuān,,,,3
布,布,bù,,,,3
乱,亂,luàn,,,,3
创,創,chuàng,,,,3
足,足,zú,"pie, suficiente",Acomodamos de manera CORRECTA la BOCA de nuestro calzado para tener cómodo nuestro PIE.,Acomodamos de manera CORRECTA la BOCA de nuestro calzado para tener cómodo nuestro PIE.,3
形,形,xíng,forma,"Cuando deseamos una FORMA específica , con las DOS MANOS le damos aquella FORMA al objeto.","Cuando deseamos una FORMA específica , con las DOS MANOS le damos aquella FORMA al objeto.",3
初,初,chū,,,,3
破,破,pò,,,,3
危,危,wēi,,,,3
险,險,xiǎn,,,,3
录,錄彔,lù,,,,3
团,糰團,tuán,,,,3
追,追,zhuī,,,,3
积,積,jī,,,,3
架,架,jià,,,,3
章,章,zhāng,insignia,Esta persona está TEMPRANO PARADO con su INSIGNIA.,Esta persona está TEMPRANO PARADO con su INSIGNIA.,3
村,村,cūn,,,,3
彩,彩,cǎi,,,,3
刀,刀,dāo,,,,3
误,誤,wù,,,,3
胜,勝,shèng,,,,3
制,制製,zhì,,,,3
救,救,jiù,,,,3
敢,敢,gǎn,,,,3
优,優,yōu,,,,3
势,勢,shì,,,,3
杂,雜,zá,,,,3
志,志誌,zhì,,,,3
赢,贏,yíng,,,,3
待,待,dài,,,,3
象,象,xiàng,,,,3
费,費,fèi,,,,3
皮,皮,pí,,,,3
概,概,gài,,,,3
顿,頓,dùn,,,,3
痛,痛,tòng,,,,3
苦,苦,kǔ,,,,3
升,升,shēng,,,,3
旧,舊,jiù,,,,3
及,及,jí,,,,3
桥,橋,qiáo,,,,3
香,香,xiāng,,,,3
烈,烈,liè,,,,3
评,評,píng,,,,3
输,輸,shū,,,,3
伟,偉,wěi,,,,3
止,止,zhǐ,detenerse,Interpretaremos este carácter como el pictograma de una huella de un pie que estuvo DETENIDO.,Interpretaremos este carácter como el pictograma de una huella de un pie que estuvo DETENIDO.,3
修,脩修,xiū,,,,3
配,配,pèi,,,,3
武,武,wǔ,,,,3
器,器,qì,,,,3
丰,豐丰,fēng,,,,3
富,富,fù,,,,3
防,防,fáng,,,,3
麻,麻,má,cáñamo,En esta AMPLIA ARBOLEDA se planta CÁÑAMO.,En esta AMPLIA ARBOLEDA se planta CÁÑAMO.,3
烦,煩,fán,,,,3
退,退,tuì,,,,3
猪,豬,zhū,,,,3
似,似,shì,,,,3
古,古,gǔ,viejo,Esta BOCA ya tiene una CRUZ porque es muy VIEJA.,Esta BOCA ya tiene una CRUZ porque es muy VIEJA.,3
厂,厂廠,chǎng,"precipicio, fábrica",Pictograma de un PRECIPICIO.,Pictograma de un PRECIPICIO.,3
农,農,nóng,,,,3
舞,舞,wǔ,,,,3
姑,姑,gū,,,,3
娘,娘,niáng,,,,3
奇,奇,qí,,,,3
怪,怪,guài,,,,3
付,付,fù,pagar,Esta PERSONA de acuerdo a la MEDIDA PAGA.,Esta PERSONA de acuerdo a la MEDIDA PAGA.,3
害,害,hài,,,,3
烟,煙,yān,,,,3
族,族,zú,,,,3
土,土,tǔ,tierra,De seguro muchos más de DIEZ tipos de SUELOS podemos encontrar si exploramos diferentes TIERRAS lejanas.,De seguro muchos más de DIEZ tipos de SUELOS podemos encontrar si exploramos diferentes TIERRAS lejanas.,3
互,互,hù,,,,3
据,據,jù,"acuerdo, instalar",Con nuestras MANOS firmamos y el lugar de RESIDENCIA ACORDAMOS.,-,3
卫,衛,wèi,,,,3
迷,迷,mí,,,,3
将,將,jiāng,,,,3
判,判,pàn,,,,3
争,爭,zhēng,,,,3
祝,祝,zhù,,,,3
尽,儘盡,jǐn,,,,3
批,批,pī,,,,3
访,訪,fǎng,,,,3
赶,趕,gǎn,,,,3
补,補,bǔ,,,,3
汤,湯,tāng,,,,3
糖,糖,táng,,,,3
念,念,niàn,,,,3
恐,恐,kǒng,,,,3
咖,咖,kā,,,,3
啡,啡,fēi,,,,3
石,石,shí,piedra,"En la BOCA de este PRECIPICIO, hay una PIEDRA gigante cubriendo la entrada a una cueva secreta.","En la BOCA de este PRECIPICIO, hay una PIEDRA gigante cubriendo la entrada a una cueva secreta.",3
浪,浪,làng,,,,3
缺,缺,quē,,,,3
羊,羊,yáng,oveja,"Esta REINA de la belleza, con CUERNOS y un BASTÓN es la OVEJA.","Esta REINA de la belleza, con CUERNOS y un BASTÓN es la OVEJA.",3
搬,搬,bān,,,,3
齐,齊,qí,,,,3
啤,啤,pí,,,,3
握,握,wò,agarra,Dentro de la CASA nuestras MANOS AGARRAMOS.,Dentro de la CASA nuestras MANOS AGARRAMOS.,3
屋,屋,wū,casa,Esta persona llegó a su CLÍMAX y se convirtió en un CADÁVER en esta CASA.,Esta persona llegó a su CLÍMAX y se convirtió en un CADÁVER en esta CASA.,3
暖,暖,nuǎn,,,,3
预,預,yù,,,,3
胖,胖,pàng,,,,3
苹,苹蘋,píng,,,,3
哈,哈,hā,,,,3
播,播,bō,,,,3
庆,慶,qìng,,,,3
善,善,shàn,,,,3
落,落,luò,,,,3
订,訂,dìng,,,,3
否,否,fǒu,,,,3
邮,郵,yóu,,,,3
甜,甜,tián,,,,3
剧,劇,jù,,,,3
泳,泳,yǒng,,,,3
夫,夫,fū,,,,3
吵,吵,chǎo,,,,3
乡,鄉,xiāng,,,,3
沙,沙,shā,,,,3
华,華,huá,,,,3
币,幣,bì,,,,3
冒,冒,mào,riesgo,Mirar el SOL directamente con los OJOS es un gran RIESGO.,Mirar el SOL directamente con los OJOS es un gran RIESGO.,3
李,李,lǐ,,,,3
裤,褲,kù,,,,3
牌,牌,pái,,,,3
巧,巧,qiǎo,,,,3
衬,襯,chèn,,,,3
衫,衫,shān,,,,3
材,材,cái,,,,3
散,散,sàn,,,,3
裙,裙,qún,,,,3
箱,箱,xiāng,,,,3
蕉,蕉,jiāo,,,,3
景,景,jǐng,,,,3
木,木,mù,árbol,Pictograma de un ÁRBOL.,Pictograma de un ÁRBOL.,3
汁,汁,zhī,,,,3
却,卻,què,,,,4
之,之,zhī,,,,4
担,擔,dān,,,,4
无,無,wú,,,,4
择,擇,zé,,,,4
政,政,zhèng,,,,4
府,府,fǔ,municipio,Los PAGOS son AMPLIOS en este MUNICIPIO.,Los PAGOS son AMPLIOS en este MUNICIPIO.,4
甚,甚,shèn,,,,4
研,研,yán,investigación,ABRIMOS esta PIEDRA para INVESTIGARLA.,ABRIMOS esta PIEDRA para INVESTIGARLA.,4
究,究,jiū,,,,4
供,供,gōng,,,,4
统,統,tǒng,,,,4
括,括,kuò,,,,4
获,獲穫,huò,,,,4
项,項,xiàng,,,,4
虑,慮,lǜ,,,,4
史,史,shǐ,,,,4
律,律,lǜ,,,,4
未,未,wèi,,,,4
严,嚴,yán,,,,4
投,投,tóu,,,,4
乎,乎,hū,,,,4
络,絡,luò,,,,4
附,附,fù,,,,4
释,釋,shì,,,,4
与,與,yǔ,,,,4
呀,呀,ya,,,,4
料,料,liào,,,,4
著,著,zhù,,,,4
置,置,zhì,,,,4
治,治,zhì,,,,4
疗,療,liáo,sanar,COMPLETAMOS esta ENFERMEDAD para luego SANAR.,QUEMAMOS esta ENFERMEDAD para SANAR esta persona.,4
构,構,gòu,,,,4
引,引,yǐn,,,,4
盘,盤,pán,,,,4
企,企,qǐ,,,,4
局,侷局,jú,oficina,Hasta los CADÁVERES dicen FRASES en esta OFICINA.,Hasta los CADÁVERES dicen FRASES en esta OFICINA.,4
轮,輪,lún,,,,4
致,緻致,zhì,,,,4
遇,遇,yù,,,,4
妻,妻,qī,,,,4
载,載,zài,,,,4
梦,夢,mèng,,,,4
申,申,shēn,,,,4
免,免,miǎn,,,,4
型,型,xíng,,,,4
销,銷,xiāo,,,,4
售,售,shòu,,,,4
战,戰,zhàn,,,,4
倍,倍,bèi,,,,4
授,授,shòu,,,,4
巨,巨,jù,,,,4
既,既,jì,,,,4
稳,穩,wěn,,,,4
抱,抱,bào,,,,4
丈,丈,zhàng,,,,4
址,阯址,zhǐ,,,,4
源,源,yuán,,,,4
毕,畢,bì,,,,4
承,承,chéng,,,,4
竟,竟,jìng,,,,4
寻,尋,xún,,,,4
吸,吸,xī,,,,4
阶,階,jiē,,,,4
秀,秀,xiù,,,,4
依,依,yī,,,,4
即,即,jí,,,,4
益,益,yì,,,,4
冲,沖衝,chōng,,,,4
兄,兄,xiōng,,,,4
圈,圈,quān,,,,4
案,案,àn,,,,4
殊,殊,shū,,,,4
顶,頂,dǐng,,,,4
挥,揮,huī,,,,4
独,獨,dú,,,,4
列,列,liè,,,,4
翻,翻,fān,,,,4
则,則,zé,,,,4
童,童,tóng,,,,4
措,措,cuò,,,,4
施,施,shī,,,,4
序,序,xù,"orden, secuencia",DAMOS AMPLIO ORDEN a nuestras cosas.,DAMOS AMPLIO ORDEN a nuestras cosas.,4
宝,寶,bǎo,,,,4
距,距,jù,,,,4
符,符,fú,,,,4
质,質,zhì,,,,4
醒,醒,xǐng,,,,4
测,測,cè,,,,4
贴,貼,tiē,,,,4
针,針,zhēn,,,,4
席,席,xí,asiento,Con VEINTE TOALLAS formamos este AMPLIO ASIENTO.,Con VEINTE TOALLAS formamos este AMPLIO ASIENTO.,4
松,鬆松,sōng,,,,4
权,權,quán,,,,4
户,戶,hù,,,,4
良,良,liáng,,,,4
居,居,jū,residir,Este VIEJO CADÁVER RESIDE en este lugar de descanso.,Este VIEJO CADÁVER RESIDE en este lugar de descanso.,4
迅,迅,xùn,,,,4
减,減,jiǎn,,,,4
挑,挑,tiāo,,,,4
彻,徹,chè,,,,4
怀,懷,huái,,,,4
疑,疑,yí,,,,4
货,貨,huò,,,,4
购,購,gòu,,,,4
败,敗,bài,,,,4
烧,燒,shāo,,,,4
摆,擺,bǎi,,,,4
降,降,jiàng,,,,4
秘,秘,mì,,,,4
密,密,mì,,,,4
趣,趣,qù,,,,4
移,移,yí,,,,4
奋,奮,fèn,,,,4
临,臨,lín,,,,4
避,避,bì,,,,4
官,官,guān,,,,4
限,限,xiàn,,,,4
戴,戴,dài,,,,4
操,操,cāo,,,,4
躺,躺,tǎng,,,,4
奖,獎,jiǎng,,,,4
垃,垃,lā,,,,4
圾,圾,jī,,,,4
婆,婆,pó,,,,4
盖,蓋,gài,,,,4
培,培,péi,,,,4
冰,冰,bīng,,,,4
县,縣,xiàn,,,,4
抽,抽,chōu,,,,4
码,碼,mǎ,,,,4
替,替,tì,,,,4
俩,倆,liǎ,,,,4
敌,敵,dí,,,,4
刺,刺,cì,,,,4
激,激,jī,,,,4
维,維,wéi,,,,4
均,均,jūn,,,,4
归,歸,guī,,,,4
登,登,dēng,ascender,Comemos LEGUMBRES para que nuestras PISADAS sean fuertes al ASCENDER por la montaña.,Comemos LEGUMBRES para que nuestras PISADAS sean fuertes al ASCENDER por la montaña.,4
卷,卷捲,juǎn,,,,4
译,譯,yì,,,,4
映,映,yìng,,,,4
贝,貝,bèi,almeja,"Con un sólo OJO, y sus PATITAS corriendo, va dando un susto a los bañistas esta ALMEJA.","Con un sólo OJO, y sus PATITAS corriendo, va dando un susto a los bañistas esta ALMEJA.",4
逐,逐,zhú,,,,4
渐,漸,jiàn,,,,4
编,編,biān,,,,4
闹,鬧,nào,,,,4
斗,斗鬥,dòu,,,,4
季,季,jì,,,,4
综,綜,zōng,,,,4
陆,陸,lù,,,,4
模,模,mó,,,,4
含,含,hán,,,,4
兵,兵,bīng,,,,4
士,士,shì,,,,4
扩,擴,kuò,,,,4
镜,鏡,jìng,,,,4
微,微,wēi,,,,4
细,細,xì,,,,4
召,召,zhào,,,,4
固,固,gù,,,,4
诗,詩,shī,,,,4
财,財,cái,,,,4
宽,寬,kuān,,,,4
透,透,tòu,,,,4
帅,帥,shuài,,,,4
暗,暗闇,àn,,,,4
呼,呼,hū,,,,4
圆,圓,yuán,,,,4
牙,牙,yá,,,,4
擦,擦,cā,,,,4
伙,夥伙,huǒ,,,,4
伴,伴,bàn,,,,4
禁,禁,jìn,,,,4
鲜,鮮鱻,xiān,,,,4
摸,摸,mō,,,,4
弱,弱,ruò,,,,4
折,折,zhé,,,,4
摇,搖,yáo,,,,4
阵,陣,zhèn,,,,4
守,守,shǒu,,,,4
寄,寄,jì,,,,4
闭,閉,bì,,,,4
妇,婦,fù,,,,4
征,征徵,zhēng,,,,4
阅,閱,yuè,,,,4
江,江,jiāng,,,,4
森,森,sēn,,,,4
林,林,lín,arboleda,Dos ÁRBOLES representan una ARBOLEDA.,Dos ÁRBOLES representan una ARBOLEDA.,4
脱,脫,tuō,,,,4
描,描,miáo,,,,4
述,述,shù,,,,4
隔,隔,gé,,,,4
闪,閃,shǎn,,,,4
促,促,cù,,,,4
阻,阻,zǔ,,,,4
袋,袋,dài,,,,4
泪,淚,lèi,,,,4
薄,薄,báo,,,,4
肚,肚,dù,,,,4
湿,濕,shī,,,,4
纯,純,chún,,,,4
腰,腰,yāo,,,,4
锻,鍛,duàn,,,,4
炼,煉,liàn,,,,4
玉,玉,yù,,,,4
厚,厚,hòu,,,,4
勇,勇,yǒng,,,,4
刷,刷,shuā,,,,4
沉,沉,chén,,,,4
默,默,mò,,,,4
肥,肥,féi,,,,4
聊,聊,liáo,,,,4
趋,趨,qū,,,,4
诚,誠,chéng,,,,4
余,余餘,yú,,,,4
聚,聚,jù,,,,4
纷,紛,fēn,,,,4
堵,堵,dǔ,,,,4
率,率,lǜ,,,,4
航,航,háng,,,,4
辣,辣,là,,,,4
盐,鹽,yán,,,,4
棵,棵,kē,,,,4
植,植,zhí,,,,4
晒,曬,shài,,,,4
汇,彙匯,huì,,,,4
梯,梯,tī,,,,4
窗,窗,chuāng,,,,4
酸,酸,suān,,,,4
帽,帽,mào,,,,4
淡,淡,dàn,,,,4
潮,潮,cháo,,,,4
穷,窮,qióng,,,,4
叔,叔,shū,,,,4
填,填,tián,,,,4
粗,粗麤,cū,,,,4
粮,糧,liáng,,,,4
逛,逛,guàng,,,,4
浅,淺,qiǎn,,,,4
迫,迫,pò,,,,4
惊,驚,jīng,,,,4
弯,彎,wān,,,,4
幼,幼,yòu,,,,4
恶,惡,è,,,,4
塑,塑,sù,,,,4
浓,濃,nóng,,,,4
遗,遺,yí,,,,4
笨,笨,bèn,,,,4
延,延,yán,,,,4
阿,阿,ā,,,,4
姨,姨,yí,,,,4
扫,掃,sǎo,,,,4
燃,燃,rán,,,,4
途,途,tú,,,,4
缓,緩,huǎn,,,,4
谓,謂,wèi,,,,4
尺,尺,chǐ,,,,4
伞,繖傘,sǎn,,,,4
迟,遲,chí,,,,4
招,招,zhāo,,,,4
赞,贊,zàn,,,,4
巴,巴,bā,desear,A las SERPIENTES con este BASTÓN DESEO espantarlas.,A las SERPIENTES con este BASTÓN DESEO espantarlas.,4
寸,寸,cùn,medida,"Una DÉCIMA parte, como sólo una GOTA, de un chǐ, otra antigua unidad de medida, representaba esta antigua unidad de MEDIDA.","Una DÉCIMA parte, como sólo una GOTA, de un chǐ, otra antigua unidad de medida, representaba esta antigua unidad de MEDIDA.",4
智,智,zhì,,,,4
缩,縮,suō,,,,4
矮,矮,ǎi,,,,4
孙,孫,sūn,,,,4
裹,裹,guǒ,,,,4
暑,暑,shǔ,,,,4
瓜,瓜,guā,,,,4
胸,胸,xiōng,,,,4
寒,寒,hán,,,,4
抄,抄,chāo,,,,4
骨,骨,gǔ,,,,4
豆,豆,dòu,,,,4
腐,腐,fǔ,,,,4
宁,寧,níng,,,,4
巾,巾,jīn,toalla,"En este BASTÓN colgamos esta CAPUCHA, que en realidad es una TOALLA.","En este BASTÓN colgamos esta CAPUCHA, que en realidad es una TOALLA.",4
耳,耳,ěr,,,,4
咸,咸鹹,xián,,,,4
尾,尾,wěi,,,,4
尚,尚,shàng,estimado,Este PEQUEÑO EXTRATERRESTRE es muy ESTIMADO en su comunidad.,Este PEQUEÑO EXTRATERRESTRE es muy ESTIMADO en su comunidad.,4
赏,賞,shǎng,,,,4
劲,勁,jìn,,,,4
袜,襪,wà,,,,4
辩,辯,biàn,,,,4
叶,葉叶,yè,,,,4
扬,揚,yáng,,,,4
递,遞,dì,,,,4
郎,郎,láng,,,,4
虫,蟲,chóng,,,,4
亚,亞,yà,,,,4
矿,礦,kuàng,,,,4
泉,泉,quán,,,,4
厘,釐,lí,,,,4
俗,俗,sú,,,,4
毫,毫,háo,,,,4
雷,雷,léi,,,,4
唯,唯,wéi,,,,5
织,織,zhī,,,,5
肯,肯,kěn,acuerdo,Nos DETENEMOS a mirar la LUNA antes de tomar un ACUERDO.,Nos DETENEMOS a mirar la LUNA antes de tomar un ACUERDO.,5
搞,搞,gǎo,,,,5
控,控,kòng,,,,5
拥,擁,yōng,,,,5
令,令,lìng,,,,5
析,析,xī,,,,5
杀,殺,shā,,,,5
版,版,bǎn,,,,5
享,享,xiǎng,,,,5
键,鍵,jiàn,,,,5
筑,筑築,zhù,,,,5
博,博,bó,,,,5
弃,棄,qì,,,,5
执,執,zhí,,,,5
恢,恢,huī,,,,5
秒,秒,miǎo,,,,5
竞,競,jìng,,,,5
冠,冠,guān,,,,5
军,軍,jūn,,,,5
抢,搶,qiǎng,,,,5
旦,旦,dàn,,,,5
幅,幅,fú,,,,5
拒,拒,jù,,,,5
央,央,yāng,,,,5
辑,輯,jí,,,,5
协,協,xié,,,,5
估,估,gū,,,,5
颗,顆,kē,,,,5
陪,陪,péi,,,,5
摄,攝,shè,,,,5
掌,掌,zhǎng,,,,5
龄,齡,líng,,,,5
域,域,yù,región,Aquí vemos toda esta TIERRA O al menos toda esta REGIÓN.,Aquí vemos toda esta TIERRA O al menos toda esta REGIÓN.,5
触,觸,chù,,,,5
邀,邀,yāo,,,,5
俱,俱,jù,,,,5
损,損,sǔn,,,,5
悉,悉,xī,,,,5
枪,槍,qiāng,,,,5
击,擊,jī,,,,5
忆,憶,yì,,,,5
册,冊,cè,,,,5
启,啟,qǐ,,,,5
贷,貸,dài,,,,5
款,款,kuǎn,,,,5
软,軟,ruǎn,,,,5
尊,尊,zūn,,,,5
革,革,gé,,,,5
剩,剩,shèng,,,,5
尤,尤,yóu,,,,5
届,屆,jiè,,,,5
偷,偷,tōu,,,,5
乏,乏,fá,,,,5
呆,呆,dāi,,,,5
鼓,鼓,gǔ,,,,5
励,勵,lì,,,,5
甲,甲,jiǎ,,,,5
频,頻,pín,,,,5
肤,膚,fū,,,,5
棒,棒,bàng,,,,5
疯,瘋,fēng,,,,5
狂,狂,kuáng,,,,5
矛,矛,máo,,,,5
盾,盾,dùn,,,,5
丢,丟,diū,,,,5
仔,仔,zǎi,,,,5
暂,暫蹔,zàn,,,,5
德,德,dé,,,,5
惜,惜,xī,,,,5
签,籤籖簽,qiān,,,,5
傻,傻,shǎ,,,,5
欣,欣,xīn,,,,5
射,射,shè,,,,5
凭,憑,píng,,,,5
详,詳,xiáng,,,,5
洞,洞,dòng,,,,5
撞,撞,zhuàng,,,,5
骗,騙,piàn,,,,5
吓,嚇,xià,,,,5
曲,曲麴,qū,,,,5
鬼,鬼,guǐ,,,,5
库,庫,kù,bodega,Muchos VEHÍCULOS se pueden guardar en esta AMPLIA BODEGA.,Muchos VEHÍCULOS se pueden guardar en esta AMPLIA BODEGA.,5
玻,玻,bō,,,,5
璃,琍璃,lí,,,,5
贸,貿,mào,,,,5
尝,嘗,cháng,,,,5
吨,噸,dūn,,,,5
逃,逃,táo,,,,5
聪,聰,cōng,,,,5
毒,毒,dú,,,,5
彼,彼,bǐ,,,,5
沟,溝,gōu,,,,5
乘,乘,chéng,,,,5
润,潤,rùn,,,,5
骂,罵,mà,,,,5
欠,欠,qiàn,"carencia, bostezo","Pictograma de una persona bostezando, indicando la CARENCIA de sueño.","Pictograma de una persona bostezando, indicando la CARENCIA de sueño.",5
漫,漫,màn,,,,5
厉,厲,lì,,,,5
私,私,sī,,,,5
硬,硬,yìng,,,,5
恨,恨,hèn,,,,5
搜,搜,sōu,,,,5
索,索,suǒ,,,,5
劳,勞,láo,,,,5
稍,稍,shāo,,,,5
违,違,wéi,,,,5
拼,拼,pīn,,,,5
怜,憐,lián,,,,5
吐,吐,tǔ,,,,5
厅,廳,tīng,oficina gubernamental,Para que la POBLACIÓN no caiga al PRECIPICIO se necesitan OFICINAS GUBERNAMENTALES.,-,5
堆,堆,duī,,,,5
扔,扔,rēng,,,,5
滑,滑,huá,,,,5
污,污,wū,,,,5
染,染,rǎn,,,,5
恋,戀,liàn,,,,5
辛,辛,xīn,,,,5
躲,躲,duǒ,,,,5
涨,漲,zhǎng,,,,5
弹,彈,dàn,,,,5
返,返,fǎn,,,,5
驾,駕,jià,,,,5
驶,駛,shǐ,,,,5
虎,虎,hǔ,,,,5
锁,鎖,suǒ,,,,5
瘦,瘦,shòu,,,,5
猜,猜,cāi,,,,5
厨,廚,chú,,,,5
询,詢,xún,,,,5
挤,擠,jǐ,,,,5
宿,宿,sù,,,,5
舍,舍捨,shě,,,,5
邻,鄰,lín,,,,5
碎,碎,suì,,,,5
插,插,chā,,,,5
咬,咬,yǎo,,,,5
挡,擋,dǎng,,,,5
辈,輩,bèi,,,,5
委,委,wěi,,,,5
托,托託,tuō,,,,5
盒,盒,hé,,,,5
赔,賠,péi,,,,5
偿,償,cháng,,,,5
罚,罰,fá,,,,5
敏,敏,mǐn,,,,5
厌,厭,yàn,,,,5
劝,勸,quàn,,,,5
艰,艱,jiān,,,,5
烂,爛,làn,,,,5
肃,肅,sù,solemne,Este ESCLAVO con estos dos BASTONES realiza una ceremonia SOLEMNE.,-,5
悔,悔,huǐ,,,,5
滚,滾,gǔn,,,,5
熊,熊,xióng,,,,5
绕,繞,rào,,,,5
饰,飾,shì,,,,5
忍,忍,rěn,,,,5
扮,扮,bàn,,,,5
泛,泛,fàn,,,,5
拆,拆,chāi,,,,5
饮,飲,yǐn,,,,5
醉,醉,zuì,,,,5
裁,裁,cái,,,,5
偶,偶,ǒu,,,,5
尔,爾,ěr,,,,5
夹,夾,jiā,,,,5
怨,怨,yuàn,,,,5
慰,慰,wèi,,,,5
蔬,蔬,shū,,,,5
朵,朵,duǒ,,,,5
遵,遵,zūn,,,,5
震,震,zhèn,,,,5
锅,鍋,guō,,,,5
惠,惠,huì,,,,5
扇,扇,shàn,,,,5
摔,摔,shuāi,,,,5
敲,敲,qiāo,,,,5
谊,誼,yì,,,,5
闲,閑閒,xián,,,,5
抬,抬,tái,,,,5
糕,糕,gāo,,,,5
辞,辭,cí,,,,5
耐,耐,nài,,,,5
鼻,鼻,bí,,,,5
拾,拾,shí,,,,5
瞧,瞧,qiáo,,,,5
诊,診,zhěn,,,,5
宾,賓,bīn,,,,5
臭,臭,chòu,,,,5
池,池,chí,,,,5
挣,掙,zhēng,,,,5
蛇,蛇,shé,,,,5
脆,脆,cuì,,,,5
紫,紫,zǐ,,,,5
悲,悲,bēi,,,,5
奈,奈,nài,,,,5
珍,珍,zhēn,,,,5
拔,拔,bá,,,,5
糟,糟,zāo,,,,5
肌,肌,jī,,,,5
胃,胃,wèi,,,,5
剪,剪,jiǎn,,,,5
胆,膽,dǎn,,,,5
喷,噴,pēn,,,,5
匹,匹,pǐ,,,,5
傅,傅,fù,,,,5
琴,琴,qín,,,,5
卧,臥,wò,,,,5
肩,肩,jiān,,,,5
灾,災,zāi,,,,5
贺,賀,hè,,,,5
脾,脾,pí,,,,5
汗,汗,hàn,,,,5
幽,幽,yōu,,,,5
览,覽,lǎn,,,,5
冻,凍,dòng,,,,5
献,獻,xiàn,,,,5
逻,邏,luó,,,,5
摩,摩,mó,,,,5
鼠,鼠,shǔ,,,,5
扰,擾,rǎo,,,,5
仿,彷仿,fǎng,,,,5
扶,扶,fú,,,,5
漏,漏,lòu,,,,5
戒,戒,jiè,abstenerce,Tomo la LANZA con las DOS MANOS y me ABSTENGO de lanzarla,Tomo la LANZA con las DOS MANOS y me ABSTENGO de lanzarla,5
豪,豪,háo,,,,5
敬,敬,jìng,,,,5
钢,鋼,gāng,,,,5
丑,丑醜,chǒu,,,,5
眠,眠,mián,,,,5
摘,摘,zhāi,,,,5
糊,餬糊,hú,,,,5
闯,闖,chuǎng,,,,5
犹,猶,yóu,,,,5
豫,豫,yù,,,,5
乙,乙,yǐ,"anzuelo, segundo",Pictograma de un ANZUELO.,Pictograma de un ANZUELO.,5
煤,煤,méi,carbón,Para ALGÚN FUEGO se utilizará este CARBÓN.,Para ALGÚN FUEGO se utilizará este CARBÓN.,5
饼,餅,bǐng,,,,5
伸,伸,shēn,,,,5
悄,悄,qiāo,,,,5
繁,繁,fán,,,,5
岸,岸,àn,,,,5
荣,榮,róng,,,,5
铃,鈴,líng,,,,5
盆,盆,pén,,,,5
兔,兔,tù,,,,5
斜,斜,xié,,,,5
硕,碩,shuò,,,,5
赠,贈,zèng,regalo,ANTERIORMENTE las ALMEJAS eran el mejor REGALO.,ANTERIORMENTE las ALMEJAS eran el mejor REGALO.,5
愁,愁,chóu,,,,5
漠,漠,mò,,,,5
壁,壁,bì,,,,5
核,核,hé,,,,5
灰,灰,huī,,,,5
披,披,pī,,,,5
桃,桃,táo,,,,5
幕,幕幙,mù,,,,5
猴,猴,hóu,,,,5
貌,貌,mào,,,,5
泼,潑,pō,,,,5
亏,虧,kuī,,,,5
慌,慌,huāng,,,,5
洒,灑,sǎ,,,,5
歇,歇,xiē,,,,5
碍,礙,ài,,,,5
葡,葡,pú,,,,5
萄,萄,táo,,,,5
郊,郊,jiāo,,,,5
辅,輔,fǔ,,,,5
肠,腸,cháng,,,,5
胡,鬍胡,hú,,,,5
珠,珠,zhū,,,,5
拜,拜,bài,,,,5
倡,倡,chàng,,,,5
梨,梨,lí,,,,5
叉,叉,chā,,,,5
咳,咳,ké,,,,5
帘,帘簾,lián,,,,5
鸭,鴨,yā,,,,5
勤,勤,qín,,,,5
羽,羽,yǔ,,,,5
柜,櫃柜,guì,,,,5
艳,艷,yàn,,,,5
寿,壽,shòu,,,,5
烤,烤,kǎo,,,,5
柿,柿,shì,,,,5
纲,綱,gāng,,,,5
柴,柴,chái,,,,5
籍,籍,jí,,,,5
夕,夕,xī,,,,5
朗,朗,lǎng,,,,5
押,押,yā,,,,5
振,振,zhèn,,,,5
坦,坦,tǎn,,,,5
竹,竹,zhú,,,,5
绒,絨,róng,,,,5
胶,膠,jiāo,,,,5
雄,雄,xióng,,,,5
虚,虛,xū,,,,5
股,股,gǔ,,,,6
啦,啦,la,,,,6
亡,亡,wáng,"desaparecer, fallecer",Esta CHISTERA y ANZUELO acaban de DESAPARECER.,Esta CHISTERA y ANZUELO acaban de DESAPARECER.,6
副,副,fù,,,,6
若,若,ruò,,,,6
策,策,cè,,,,6
犯,犯,fàn,,,,6
罪,罪,zuì,,,,6
党,黨,dǎng,,,,6
镇,鎮,zhèn,,,,6
伍,伍,wǔ,,,,6
嘛,嘛,ma,,,,6
沿,沿,yán,,,,6
允,允,yǔn,,,,6
娱,娛,yú,,,,6
佳,佳,jiā,,,,6
藏,藏,cáng,,,,6
绪,緒,xù,,,,6
剑,劍,jiàn,,,,6
威,威,wēi,,,,6
胁,脅,xié,,,,6
素,素,sù,,,,6
攻,攻,gōng,,,,6
端,端耑,duān,,,,6
岛,島,dǎo,,,,6
塔,塔,tǎ,,,,6
逼,逼,bī,,,,6
露,露,lù,,,,6
爆,爆,bào,,,,6
炸,炸,zhà,,,,6
憾,憾,hàn,,,,6
略,略,lüè,,,,6
予,予,yǔ,"dar, yo",Con TAMPÓN se firma lo que a la POBLACIÓN se le va a DAR.,Con TAMPÓN se firma lo que a la POBLACIÓN se le va a DAR.,6
诺,諾,nuò,,,,6
咨,咨,zī,,,,6
患,患,huàn,,,,6
赚,賺,zhuàn,,,,6
涉,涉,shè,,,,6
拖,拖,tuō,,,,6
监,監,jiān,,,,6
督,督,dū,,,,6
仪,儀,yí,,,,6
贡,貢,gòng,,,,6
塞,塞,sāi,,,,6
炒,炒,chǎo,,,,6
疾,疾,jí,,,,6
融,融,róng,,,,6
偏,偏,piān,,,,6
番,番,fān,,,,6
杆,杆桿,gān,,,,6
扣,釦扣,kòu,,,,6
踢,踢,tī,,,,6
异,異,yì,,,,6
混,混,hùn,,,,6
搭,搭,dā,,,,6
氛,氛,fēn,,,,6
泡,泡,pào,,,,6
田,田,tián,arrozal,Pictograma de un ARROZAL dividido en cuatro partes y visto desde el aire.,Pictograma de un ARROZAL dividido en cuatro partes y visto desde el aire.,6
税,稅,shuì,,,,6
侧,側,cè,,,,6
遭,遭,zāo,,,,6
谐,諧,xié,,,,6
酷,酷,kù,,,,6
滴,滴,dī,,,,6
衡,衡,héng,,,,6
蒙,蒙矇濛,méng,,,,6
孤,孤,gū,,,,6
挖,挖,wā,,,,6
障,障,zhàng,,,,6
档,檔,dàng,,,,6
盟,盟,méng,,,,6
陷,陷,xiàn,,,,6
屏,屏,píng,,,,6
践,踐,jiàn,,,,6
拨,撥,bō,,,,6
暴,暴,bào,,,,6
蹈,蹈,dǎo,,,,6
佛,髴佛彿,fú,,,,6
跌,跌,diē,,,,6
薯,薯,shǔ,,,,6
慧,慧,huì,,,,6
井,井,jǐng,,,,6
箭,箭,jiàn,,,,6
症,癥症,zhèng,,,,6
宫,宮,gōng,,,,6
踩,踩,cǎi,,,,6
灵,靈,líng,,,,6
扎,扎紮,zhā,,,,6
野,壄野,yě,,,,6
趟,趟,tàng,,,,6
牺,犧,xī,,,,6
牲,牲,shēng,,,,6
驻,駐,zhù,,,,6
械,械,xiè,aparato,Cerca de este ÁRBOL nos ABSTENEMOS de usar APARATOS que lo puedan dañar.,Cerca de este ÁRBOL nos ABSTENEMOS de usar APARATOS que lo puedan dañar.,6
埋,埋,mái,,,,6
铺,鋪,pù,,,,6
猛,猛,měng,,,,6
愉,愉,yú,,,,6
榜,榜,bǎng,,,,6
宅,宅,zhái,,,,6
帝,帝,dì,,,,6
宗,宗,zōng,,,,6
探,探,tàn,,,,6
赌,賭,dǔ,,,,6
煮,煮,zhǔ,,,,6
讯,訊,xùn,,,,6
祖,祖,zǔ,,,,6
骄,驕,jiāo,,,,6
傲,傲,ào,,,,6
撑,撐,chēng,,,,6
厕,廁,cè,,,,6
哇,哇,wa,,,,6
愤,憤,fèn,,,,6
怒,怒,nù,,,,6
渠,渠,qú,,,,6
诸,諸,zhū,,,,6
跨,跨,kuà,,,,6
歉,歉,qiàn,,,,6
焦,焦,jiāo,,,,6
岗,崗,gǎng,,,,6
径,徑,jìng,,,,6
晕,暈,yūn,,,,6
液,液,yè,,,,6
踏,踏,tà,,,,6
蹲,蹲,dūn,,,,6
胞,胞,bāo,,,,6
袖,袖,xiù,,,,6
牵,牽,qiān,,,,6
抵,抵,dǐ,,,,6
倾,傾,qīng,,,,6
钻,鑽,zuān,,,,6
洋,洋,yáng,,,,6
嘉,嘉,jiā,,,,6
跃,躍,yuè,,,,6
鉴,鑑,jiàn,,,,6
潜,潛,qián,,,,6
幻,幻,huàn,,,,6
爽,爽,shuǎng,,,,6
贫,貧,pín,,,,6
奏,奏,zòu,,,,6
额,額,é,,,,6
毁,毀,huǐ,,,,6
横,橫,héng,,,,6
夺,奪,duó,,,,6
账,賬,zhàng,,,,6
扑,撲,pū,,,,6
援,援,yuán,,,,6
浮,浮,fú,,,,6
刮,颳刮,guā,,,,6
循,循,xún,,,,6
谅,諒,liàng,,,,6
隐,隱,yǐn,,,,6
哲,喆哲,zhé,,,,6
捡,撿,jiǎn,,,,6
诞,誕,dàn,,,,6
抗,抗,kàng,,,,6
挨,挨,āi,,,,6
轨,軌,guǐ,,,,6
皇,皇,huáng,,,,6
吊,弔吊,diào,,,,6
串,串,chuàn,,,,6
审,審,shěn,,,,6
添,添,tiān,,,,6
捐,捐,juān,,,,6
娃,娃,wá,,,,6
赖,賴,lài,,,,6
侵,侵,qīn,,,,6
膜,膜,mó,,,,6
仰,仰,yǎng,,,,6
泥,泥,ní,,,,6
圣,聖,shèng,,,,6
缘,緣,yuán,,,,6
凶,兇凶,xiōng,,,,6
灭,滅,miè,,,,6
扁,扁,biǎn,,,,6
洁,潔,jié,,,,6
惨,慘,cǎn,,,,6
聘,聘,pìn,,,,6
磨,磨,mó,,,,6
宠,寵,chǒng,,,,6
狠,狠,hěn,,,,6
棉,棉,mián,,,,6
残,殘,cán,,,,6
嫌,嫌,xián,,,,6
罢,罷,bà,,,,6
妙,妙,miào,,,,6
裂,裂,liè,,,,6
掏,掏,tāo,,,,6
峰,峰,fēng,,,,6
丧,喪,sàng,,,,6
债,債,zhài,,,,6
奉,奉,fèng,,,,6
仓,倉,cāng,,,,6
券,券,quàn,,,,6
肺,肺,fèi,,,,6
忧,憂,yōu,,,,6
纠,糾,jiū,,,,6
尖,尖,jiān,,,,6
炮,炮,pào,,,,6
肝,肝,gān,,,,6
港,港,gǎng,,,,6
酱,醬,jiàng,,,,6
耗,耗,hào,,,,6
肿,腫,zhǒng,,,,6
波,波,bō,,,,6
跪,跪,guì,,,,6
崇,崇,chóng,,,,6
寺,寺,sì,,,,6
恰,恰,qià,,,,6
庄,莊,zhuāng,,,,6
扭,扭,niǔ,,,,6
墓,墓,mù,,,,6
欺,欺,qī,,,,6
渡,渡,dù,,,,6
旋,旋,xuán,,,,6
贯,貫,guàn,,,,6
枝,枝,zhī,,,,6
杰,傑,jié,,,,6
拐,枴拐,guǎi,,,,6
谋,謀,móu,,,,6
凡,凡,fán,,,,6
栏,欄,lán,,,,6
粥,粥,zhōu,,,,6
晓,曉,xiǎo,,,,6
捉,捉,zhuō,,,,6
巩,鞏,gǒng,,,,6
傍,傍,bàng,,,,6
截,截,jié,,,,6
吞,吞,tūn,,,,6
纵,縱,zòng,,,,6
懒,懶,lǎn,,,,6
牢,牢,láo,,,,6
洪,洪,hóng,,,,6
坡,坡,pō,,,,6
悬,懸,xuán,,,,6
撤,撤,chè,,,,6
菌,菌,jūn,,,,6
舌,舌,shé,,,,6
阔,闊,kuò,,,,6
薪,薪,xīn,,,,6
迁,遷,qiān,,,,6
壶,壺,hú,,,,6
麦,麥,mài,,,,6
醋,醋,cù,,,,6
绘,繪,huì,,,,6
誉,譽,yù,,,,6
梁,梁,liáng,,,,6
揭,揭,jiē,,,,6
宴,宴,yàn,,,,6
顽,頑,wán,,,,6
锋,鋒,fēng,,,,6
刊,栞刊,kān,,,,6
铅,鉛,qiān,,,,6
辉,輝,huī,,,,6
盗,盜,dào,,,,6
储,儲,chǔ,,,,6
旗,旗旂,qí,,,,6
奔,犇奔,bēn,,,,6
盼,盼,pàn,,,,6
壮,壯,zhuàng,,,,6
捕,捕,bǔ,,,,6
昏,昏,hūn,,,,6
湾,灣,wān,,,,6
苏,蘇,sū,,,,6
谦,謙,qiān,,,,6
吉,吉,jí,,,,6
馒,饅,mán,,,,6
氧,氧,yǎng,,,,6
宇,宇,yǔ,,,,6
粉,粉,fěn,,,,6
谷,穀谷,gǔ,,,,6
殖,殖,zhí,,,,6
勺,勺,sháo,cucharón,"Cuando se quiere EMPAQUETAR, es decir, reunir GOTAS de cualquier tipo de líquido, se utiliza un CUCHARÓN.","Cuando se quiere EMPAQUETAR, es decir, reunir GOTAS de cualquier tipo de líquido, se utiliza un CUCHARÓN.",6
畅,暢,chàng,,,,6
徒,徒,tú,,,,6
茄,茄,jiā,,,,6
祥,祥,xiáng,,,,6
盲,盲,máng,,,,6
纳,納,nà,,,,6
炉,爐,lú,,,,6
柱,柱,zhù,,,,6
欲,慾欲,yù,,,,6
悟,悟,wù,,,,6
稿,稿,gǎo,,,,6
盛,盛,shèng,,,,6
梅,梅,méi,,,,6
耀,耀,yào,,,,6
舰,艦,jiàn,,,,6
墨,墨,mò,,,,6
乌,烏,wū,,,,6
宏,宏,hóng,,,,6
废,廢,fèi,,,,6
叹,嘆,tàn,,,,6
铜,銅,tóng,,,,6
忠,忠,zhōng,,,,6
旺,旺,wàng,,,,6
炎,炎,yán,,,,6
恩,恩,ēn,,,,6
乳,乳,rǔ,,,,6
昌,昌,chāng,,,,6
哦,哦,ó,,,,7
荐,薦,jiàn,,,,7
罗,羅,luó,,,,7
丝,絲,sī,,,,7
怖,怖,bù,,,,7
姻,姻,yīn,,,,7
凌,凌,líng,,,,7
袭,襲,xí,,,,7
枚,枚,méi,,,,7
魅,魅,mèi,,,,7
砸,砸,zá,,,,7
狼,狼,láng,,,,7
丁,丁,dīng,población,Pictograma de una señal que indica el nombre de una POBLACIÓN.,Pictograma de una señal que indica el nombre de una POBLACIÓN.,7
盯,盯,dīng,,,,7
勒,勒,lēi,,,,7
尸,屍尸,shī,,,,7
瓦,瓦,wǎ,teja,Un BASTÓN con un ANZUELO usamos para sacar el HIELO del TECHO y que no se nos arruinen las TEJAS.,Un BASTÓN con un ANZUELO usamos para sacar el HIELO del TECHO y que no se nos arruinen las TEJAS.,7
寓,寓,yù,,,,7
艘,艘,sōu,,,,7
尴,尷,gān,,,,7
尬,尬,gà,,,,7
兼,兼,jiān,simultáneo,"Aquí vemos a alguien tratando de usar un PINCEL y un BASTÓN para partir unos CUERNOS, pero sólo consiguió que saltarán dos GOTAS hacia los lados de manera SIMULTÁNEA.","Aquí vemos a alguien tratando de usar un PINCEL y un BASTÓN para partir unos CUERNOS, pero sólo consiguió que saltarán dos GOTAS hacia los lados de manera SIMULTÁNEA.",7
魂,魂,hún,,,,7
皆,皆,jiē,,,,7
晰,晰皙,xī,,,,7
嫁,嫁,jià,,,,7
轿,轎,jiào,,,,7
呈,呈,chéng,,,,7
栋,棟,dòng,,,,7
瞬,瞬,shùn,,,,7
婴,嬰,yīng,,,,7
秩,秩,zhì,,,,7
讶,訝,yà,,,,7
桶,桶,tǒng,,,,7
淘,淘,táo,,,,7
汰,汰,tài,,,,7
吻,吻,wěn,,,,7
狱,獄,yù,,,,7
迹,跡,jì,,,,7
砍,砍,kǎn,,,,7
柔,柔,róu,,,,7
孕,孕,yùn,,,,7
撒,撒,sā,,,,7
墅,墅,shù,,,,7
踪,蹤,zōng,,,,7
钥,鑰,yào,,,,7
匙,匙,shi,,,,7
劫,劫,jié,,,,7
脖,脖,bó,,,,7
惧,懼,jù,,,,7
董,董,dǒng,,,,7
陌,陌,mò,,,,7
拳,拳,quán,,,,7
讼,訟,sòng,,,,7
绑,綁,bǎng,,,,7
抛,拋,pāo,,,,7
耍,耍,shuǎ,,,,7
署,署,shǔ,,,,7
玫,玫,méi,,,,7
瑰,瑰,guī,,,,7
涯,涯,yá,,,,7
寂,寂,jì,,,,7
寞,寞,mò,,,,7
携,攜,xié,,,,7
剂,劑,jì,,,,7
惹,惹,rě,,,,7
贼,賊,zéi,bandido,Con DIEZ LANZAS roba estas ALMEJAS este BANDIDO.,Con DIEZ LANZAS roba estas ALMEJAS este BANDIDO.,7
唉,唉,āi,,,,7
涂,塗,tú,,,,7
厦,廈,shà,,,,7
蛮,蠻,mán,,,,7
诱,誘,yòu,,,,7
惑,惑,huò,engaño,En el CORAZÓN o en la cabeza se producen los ENGAÑOS.,En el CORAZÓN o en la cabeza se producen los ENGAÑOS.,7
哎,哎,āi,,,,7
逮,逮,dǎi,capturar,Este ESCLAVO en este CAMINO es CAPTURADO.,Este ESCLAVO en este CAMINO es CAPTURADO.,7
趁,趁,chèn,,,,7
邦,邦,bāng,nación,Las MURALLAS que tienen los ARBUSTOS más bonitos son las de nuestra NACIÓN.,Las MURALLAS que tienen los ARBUSTOS más bonitos son las de nuestra NACIÓN.,7
娶,娶,qǔ,,,,7
镑,鎊,bàng,,,,7
坑,坑,kēng,,,,7
尿,尿,niào,orina,Con AGUA se limpia de este CADÁVER la ORINA.,Con AGUA se limpia de este CADÁVER la ORINA.,7
粒,粒,lì,grano,Estoy PARADO cosechando ARROZ de todos los GRANOS.,Estoy PARADO cosechando ARROZ de todos los GRANOS.,7
宪,憲,xiàn,,,,7
扯,扯,chě,,,,7
雾,霧,wù,,,,7
谨,謹,jǐn,,,,7
慎,慎,shèn,,,,7
甩,甩,shuǎi,,,,7
恼,惱,nǎo,,,,7
痕,痕,hén,,,,7
雅,雅,yǎ,,,,7
羡,羨,xiàn,,,,7
慕,慕,mù,,,,7
飘,飄,piāo,,,,7
戚,戚,qī,,,,7
慈,慈,cí,,,,7
宙,宙,zhòu,,,,7
兹,茲,zī,,,,7
抹,抹,mǒ,,,,7
芯,芯,xīn,,,,7
曝,曝,pù,,,,7
拟,儗擬,nǐ,,,,7
幢,幢,chuáng,,,,7
哼,哼,hēng,,,,7
惩,懲,chéng,,,,7
弥,瀰彌,mí,,,,7
抑,抑,yì,,,,7
粘,粘,zhān,,,,7
祸,禍,huò,,,,7
窝,窩,wō,,,,7
晃,晃,huǎng,,,,7
膀,膀,bǎng,,,,7
粹,粹,cuì,,,,7
夸,誇,kuā,,,,7
姿,姿,zī,,,,7
鹰,鷹,yīng,,,,7
颁,頒,bān,,,,7
浑,渾,hún,,,,7
虾,蝦,xiā,,,,7
胎,胎,tāi,,,,7
缝,縫,fèng,,,,7
瞎,瞎,xiā,,,,7
廊,廊,láng,,,,7
妆,妝,zhuāng,,,,7
胳,胳,gē,,,,7
膊,膊,bó,,,,7
绎,繹,yì,,,,7
蜜,蜜,mì,,,,7
拯,拯,zhěng,,,,7
齿,齒,chǐ,,,,7
桩,樁,zhuāng,,,,7
撼,撼,hàn,,,,7
狮,獅,shī,,,,7
臂,臂,bì,,,,7
擎,擎,qíng,,,,7
嘿,嘿,hēi,,,,7
捏,捏,niē,,,,7
鹿,鹿,lù,,,,7
催,催,cuī,,,,7
氓,氓,máng,,,,7
崩,崩,bēng,,,,7
溃,潰,kuì,,,,7
趴,趴,pā,,,,7
凑,湊,còu,,,,7
邪,邪,xié,,,,7
凤,鳳,fèng,,,,7
凰,凰,huáng,,,,7
姆,姆,mǔ,,,,7
罐,罐,guàn,,,,7
乖,乖,guāi,,,,7
灌,灌,guàn,,,,7
割,割,gē,,,,7
隧,隧,suì,,,,7
筹,籌,chóu,,,,7
滋,滋,zī,,,,7
拦,攔,lán,,,,7
吼,吼,hǒu,,,,7
掘,掘,jué,,,,7
赋,賦,fù,,,,7
钩,鉤,gōu,,,,7
熬,熬,áo,,,,7
闷,悶,mèn,,,,7
缠,纏,chán,,,,7
爹,爹,diē,,,,7
侣,侶,lǚ,,,,7
隆,隆,lóng,,,,7
肾,腎,shèn,,,,7
逗,逗,dòu,,,,7
遥,遙,yáo,,,,7
御,禦御,yù,,,,7
瘤,瘤,liú,,,,7
辐,輻,fú,,,,7
姜,薑,jiāng,,,,7
惕,惕,tì,,,,7
辜,辜,gū,,,,7
擅,擅,shàn,,,,7
勉,勉,miǎn,,,,7
删,刪,shān,,,,7
烫,燙,tàng,,,,7
癌,癌,ái,,,,7
矩,矩,jǔ,,,,7
沾,沾,zhān,,,,7
唇,唇,chún,,,,7
祈,祈,qí,,,,7
祷,禱,dǎo,,,,7
裸,裸,luǒ,,,,7
钉,釘,dīng,,,,7
陈,陳,chén,,,,7
垫,墊,diàn,,,,7
抖,抖,dǒu,,,,7
恒,恆,héng,,,,7
窃,竊,qiè,,,,7
歪,歪,wāi,,,,7
脂,脂,zhī,,,,7
肪,肪,fáng,,,,7
巡,巡,xún,,,,7
勾,勾,gōu,,,,7
晶,晶,jīng,,,,7
捞,撈,lāo,,,,7
谎,謊,huǎng,,,,7
溜,溜,liū,,,,7
宰,宰,zǎi,,,,7
谜,謎,mí,,,,7
磅,磅,bàng,,,,7
谍,諜,dié,,,,7
恭,恭,gōng,,,,7
歧,歧,qí,,,,7
酬,酬,chóu,,,,7
魔,魔,mó,,,,7
霉,霉,méi,,,,7
滩,灘,tān,,,,7
哀,哀,āi,,,,7
嫉,嫉,jí,,,,7
妒,妒,dù,,,,7
翘,翹,qiào,,,,7
舱,艙,cāng,,,,7
拽,拽,zhuāi,,,,7
爵,爵,jué,,,,7
毯,毯,tǎn,,,,7
掩,掩,yǎn,,,,7
撕,撕,sī,,,,7
摧,摧,cuī,,,,7
罩,罩,zhào,,,,7
瞒,瞞,mán,,,,7
捅,捅,tǒng,,,,7
阱,阱,jǐng,,,,7
贿,賄,huì,,,,7
赂,賂,lù,,,,7
祭,祭,jì,,,,7
搅,攪,jiǎo,,,,7
芒,芒,máng,,,,7
膝,膝,xī,,,,7
誓,誓,shì,,,,7
纤,縴纖,xiān,,,,7
拘,拘,jū,,,,7
泣,泣,qì,,,,7
喘,喘,chuǎn,,,,7
哄,哄鬨,hǒng,,,,7
骚,騷,sāo,,,,7
沮,沮,jǔ,,,,7
翅,翅,chì,,,,7
贱,賤,jiàn,,,,7
睁,睜,zhēng,,,,7
瞄,瞄,miáo,,,,7
叛,叛,pàn,,,,7
雇,雇,gù,,,,7
漆,漆,qī,,,,7
耽,耽,dān,,,,7
刹,剎,shā,,,,7
筒,筒,tǒng,,,,7
戳,戳,chuō,,,,7
讽,諷,fěng,,,,7
嘲,嘲,cháo,,,,7
浴,浴,yù,,,,7
侮,侮,wǔ,,,,7
辱,辱,rǔ,,,,7
剥,剝,bō,,,,7
愚,愚,yú,,,,7
蠢,蠢,chǔn,,,,7
噪,噪,zào,,,,7
憋,憋,biē,,,,7
赐,賜,cì,,,,7
蹦,蹦,bèng,,,,7
廉,廉,lián,barato,Esto es AMPLIO y BARATO de manera SIMULTÁNEA.,Esto es AMPLIO y BARATO de manera SIMULTÁNEA.,7
绳,繩,shéng,,,,7
枕,枕,zhěn,,,,7
丫,丫,yā,,,,7
卦,卦,guà,,,,7
瘾,癮,yǐn,,,,7
妥,妥,tuǒ,,,,7
帐,帳,zhàng,,,,7
篷,篷,péng,,,,7
煎,煎,jiān,,,,7
轰,轟,hōng,,,,7
伪,偽,wěi,,,,7
呕,嘔,ǒu,,,,7
妨,妨,fáng,,,,7
愈,愈,yù,,,,7
虐,虐,nüè,,,,7
炬,炬,jù,,,,7
衔,銜,xián,,,,7
睹,睹,dǔ,,,,7
喉,喉,hóu,,,,7
咙,嚨,lóng,,,,7
泄,泄,xiè,,,,7
棍,棍,gùn,,,,7
链,鏈,liàn,,,,7
焰,焰,yàn,,,,7
挽,挽,wǎn,,,,7
熏,薰熏,xūn,,,,7
髦,髦,máo,,,,7
穆,穆,mù,,,,7
斯,斯,sī,,,,7
纱,紗,shā,,,,7
挪,挪,nuó,,,,7
虹,虹,hóng,,,,7
郁,鬱郁,yù,,,,7
弊,弊,bì,,,,7
勋,勛,xūn,,,,7
坪,坪,píng,,,,7
蜡,蠟,là,,,,7
烛,燭,zhú,,,,7
垮,垮,kuǎ,,,,7
佑,佑,yòu,,,,7
仇,仇,chóu,,,,7
掐,掐,qiā,,,,7
窒,窒,zhì,,,,7
岩,岩,yán,,,,7
敞,敞,chǎng,,,,7
稚,稚,zhì,,,,7
腕,腕,wàn,,,,7
钞,鈔,chāo,,,,7
舔,舔,tiǎn,,,,7
嚼,嚼,jué,,,,7
羞,羞,xiū,,,,7
钓,釣,diào,,,,7
炫,炫,xuàn,,,,7
奴,奴,nú,,,,7
隶,隸,lì,esclavo,Quien lava este PINCEL con AGUA es este ESCLAVO.,-,7
俊,俊,jùn,,,,7
绅,紳,shēn,,,,7
揍,揍,zòu,,,,7
痒,癢,yǎng,,,,7
倦,倦,juàn,,,,7
屠,屠,tú,,,,7
抚,撫,fǔ,,,,7
吩,吩,fēn,,,,7
咐,咐,fù,,,,7
塌,塌,tā,,,,7
堕,墮,duò,,,,7
饶,饒,ráo,,,,7
屉,屜,tì,,,,7
囚,囚,qiú,,,,7
捆,捆,kǔn,,,,7
蜂,蜂,fēng,,,,7
仗,仗,zhàng,,,,7
饥,飢,jī,,,,7
佣,佣傭,yōng,,,,7
鸽,鴿,gē,,,,7
葬,葬,zàng,,,,7
翁,翁,wēng,,,,7
疏,疏,shū,,,,7
苍,蒼,cāng,,,,7
蝇,蠅,yíng,,,,7
匿,匿,nì,,,,7
蛙,蛙,wā,,,,7
谣,謠,yáo,,,,7
撬,撬,qiào,,,,7
贪,貪,tān,,,,7
婪,婪,lán,,,,7
峡,峽,xiá,,,,7
丛,叢,cóng,,,,7
鲨,鯊,shā,,,,7
堪,堪,kān,,,,7
稽,稽,jī,,,,7
磕,磕,kē,,,,7
剖,剖,pōu,,,,7
靴,靴,xuē,,,,7
慷,慷,kāng,,,,7
慨,慨嘅,kǎi,,,,7
兽,獸,shòu,,,,7
猎,獵,liè,,,,7
脉,脈,mài,,,,7
陋,陋,lòu,,,,7
棺,棺,guān,,,,7
磁,磁,cí,,,,7
耻,恥,chǐ,,,,7
荒,荒,huāng,,,,7
谬,謬,miù,,,,7
狡,狡,jiǎo,,,,7
猾,猾,huá,,,,7
虔,虔,qián,,,,7
坟,墳,fén,,,,7
鳄,鱷,è,,,,7
皂,皂,zào,,,,7
唠,嘮,láo,,,,7
叨,叨,dāo,,,,7
嘱,囑,zhǔ,,,,7
驱,驅,qū,,,,7
锯,鋸,jù,,,,7
笼,籠,lóng,,,,7
卑,卑,bēi,,,,7
鄙,鄙,bǐ,,,,7
棘,棘,jí,,,,7
跤,跤,jiāo,,,,7
搏,搏,bó,,,,7
妄,妄,wàng,,,,7
愧,愧,kuì,,,,7
芭,芭,bā,,,,7
蕾,蕾,lěi,,,,7
酗,酗,xù,,,,7
寡,寡,guǎ,,,,7
唬,唬,hǔ,,,,7
剃,薙剃,tì,,,,7
捣,搗,dǎo,,,,7
恕,恕,shù,,,,7
赎,贖,shú,,,,7
仁,仁,rén,,,,7
鲁,魯,lǔ,,,,7
锤,錘,chuí,,,,7
芝,芝,zhī,,,,8
亦,亦,yì,,,,8
坛,罈壇,tán,,,,8
橘,橘,jú,,,,8
赴,赴,fù,,,,8
颇,頗,pǒ,,,,8
奥,奧,ào,,,,8
迄,迄,qì,,,,8
捧,捧,pěng,,,,8
履,履,lǚ,calzado,Al RESTAURAR un CADÁVER debemos ubicar correctamente su CALZADO.,Al RESTAURAR un CADÁVER debemos ubicar correctamente su CALZADO.,8
悠,悠,yōu,,,,8
覆,覆,fù,,,,8
乃,乃,nǎi,,,,8
迈,邁,mài,,,,8
吁,吁籲,xū,,,,8
艾,艾,ài,,,,8
砖,磚,zhuān,,,,8
煌,煌,huáng,,,,8
庞,龐,páng,,,,8
浏,瀏,liú,,,,8
摊,攤,tān,,,,8
馨,馨,xīn,,,,8
壳,殼,ké,,,,8
伐,伐,fá,talar,Esta PERSONA con una LANZA TALA este árbol.,Esta PERSONA con una LANZA TALA este árbol.,8
厢,廂,xiāng,,,,8
碌,碌,lù,,,,8
棋,棋,qí,,,,8
劣,劣,liè,,,,8
舆,輿,yú,,,,8
谱,譜,pǔ,,,,8
霜,霜,shuāng,,,,8
沫,沫,mò,,,,8
涵,涵,hán,,,,8
疫,疫,yì,,,,8
灿,燦,càn,,,,8
涌,涌湧,yǒng,,,,8
疲,疲,pí,,,,8
苗,苗,miáo,,,,8
窄,窄,zhǎi,,,,8
掀,掀,xiān,,,,8
罕,罕,hǎn,,,,8
叠,疊,dié,,,,8
瞪,瞪,dèng,,,,8
腾,騰,téng,,,,8
歹,歹,dǎi,,,,8
骤,驟,zhòu,,,,8
悦,悅,yuè,,,,8
佩,珮佩,pèi,,,,8
匆,匆,cōng,,,,8
谴,譴,qiǎn,,,,8
崛,崛,jué,,,,8
槽,槽,cáo,,,,8
株,株,zhū,,,,8
铝,鋁,lǚ,,,,8
丸,丸,wán,,,,8
惫,憊,bèi,,,,8
嫩,嫰嫩,nèn,,,,8
兜,兜,dōu,,,,8
垂,垂,chuí,,,,8
勿,勿,wù,,,,8
椒,椒,jiāo,,,,8
扛,扛,káng,,,,8
裕,裕,yù,,,,8
缴,繳,jiǎo,,,,8
蔓,蔓,màn,,,,8
昂,昂,áng,,,,8
拧,擰,níng,,,,8
莫,莫,mò,,,,8
皱,皺,zhòu,,,,8
诈,詐,zhà,,,,8
屈,屈,qū,doblar,Cuando pensamos que un CADÁVER va a SALIR de su tumba DOBLAMOS la esquina y arrancamos.,Cuando pensamos que un CADÁVER va a SALIR de su tumba DOBLAMOS la esquina y arrancamos.,8
臣,臣,chén,,,,8
腔,腔,qiāng,,,,8
雕,鵰雕,diāo,,,,8
崭,嶄,zhǎn,,,,8
橡,橡,xiàng,,,,8
馈,饋餽,kuì,,,,8
契,契,qì,,,,8
豹,豹,bào,,,,8
帆,帆颿,fān,,,,8
峻,峻,jùn,,,,8
逢,逢,féng,,,,8
蓄,蓄,xù,,,,8
渗,滲,shèn,,,,8
嗽,嗽,sòu,,,,8
燥,燥,zào,,,,8
稀,稀,xī,,,,8
坠,墜,zhuì,,,,8
乒,乒,pīng,,,,8
乓,乓,pāng,,,,8
钙,鈣,gài,,,,8
徘,徘,pái,,,,8
徊,徊,huái,,,,8
盏,盞,zhǎn,,,,8
炖,燉,dùn,,,,8
帜,幟,zhì,,,,8
庙,廟,miào,,,,8
琢,琢,zuó,,,,8
寝,寢,qǐn,,,,8
赁,賃,lìn,,,,8
役,役,yì,,,,8
颤,顫,chàn,,,,8
腹,腹,fù,,,,8
嗓,嗓,sǎng,,,,8
浇,澆,jiāo,,,,8
扒,扒,bā,,,,8
锡,錫,xī,,,,8
啃,啃,kěn,,,,8
澄,澄,chéng,,,,8
挫,挫,cuò,,,,8
栽,栽,zāi,,,,8
窜,竄,cuàn,,,,8
鹅,鵝,é,,,,8
黎,黎,lí,,,,8
蒸,蒸,zhēng,,,,8
壤,壤,rǎng,,,,8
殴,毆,ōu,,,,8
弦,弦,xián,,,,8
叙,敘,xù,,,,8
龟,龜,guī,,,,8
卓,卓,zhuó,,,,8
喇,喇,lǎ,,,,8
叭,叭,bā,,,,8
框,框,kuāng,,,,8
斩,斬,zhǎn,,,,8
喻,喻,yù,,,,8
淋,淋,lín,,,,8
搂,摟,lǒu,,,,8
唤,喚,huàn,,,,8
揉,揉,róu,,,,8
奢,奢,shē,,,,8
侈,侈,chǐ,,,,8
萝,蘿,luó,,,,8
卜,卜,bo,"adivinación, varita mágica",Pictograma de una varita mágica para ADIVINACIÓN.,Pictograma de una varita mágica para ADIVINACIÓN.,8
愣,愣,lèng,,,,8
弓,弓,gōng,arco,Pictograma de un ARCO.,Pictograma de un ARCO.,8
缚,縛,fù,,,,8
艇,艇,tǐng,,,,8
兑,兌,duì,,,,8
阁,閣,gé,,,,8
舅,舅,jiù,,,,8
伏,伏,fú,,,,8
遮,遮,zhē,,,,8
葱,蔥,cōng,,,,8
逆,逆,nì,,,,8
烁,爍,shuò,,,,8
斥,斥,chì,,,,8
拎,拎,līn,,,,8
揪,揪,jiū,,,,8
竖,豎,shù,,,,8
捷,捷,jié,,,,8
窥,窺,kuī,,,,8
挠,撓,náo,,,,8
浸,浸,jìn,,,,8
潇,瀟,xiāo,,,,8
卸,卸,xiè,,,,8
膨,膨,péng,,,,8
胀,脹,zhàng,,,,8
酝,醞,yùn,,,,8
酿,釀,niàng,,,,8
丙,丙,bǐng,tercera clase,"Esta PERSONA con la cabeza pegada al TECHO por la falta de espacio y apretada con este CINTURÓN, definitivamente va en un vuelo de TERCERA CLASE.","Esta PERSONA con la cabeza pegada al TECHO por la falta de espacio y apretada con este CINTURÓN, definitivamente va en un vuelo de TERCERA CLASE.",8
瘫,癱,tān,,,,8
痪,瘓,huàn,,,,8
翼,翼,yì,,,,8
袱,袱,fú,,,,8
遣,遣,qiǎn,,,,8
咽,咽嚥,yàn,,,,8
瀑,瀑,pù,,,,8
侦,偵,zhēn,,,,8
铲,剷鏟,chǎn,,,,8
堤,堤,dī,,,,8
滨,濱,bīn,,,,8
募,募,mù,,,,8
辖,轄,xiá,,,,8
蔽,蔽,bì,,,,8
攀,攀,pān,,,,8
糙,糙,cāo,,,,8
滥,濫,làn,,,,8
贩,販,fàn,,,,8
蹭,蹭,cèng,,,,8
尘,塵,chén,,,,8
扳,扳,bān,,,,8
肇,肇肈,zhào,,,,8
陶,陶,táo,,,,8
瓷,瓷,cí,,,,8
劈,劈,pī,,,,8
蚊,蚊,wén,,,,8
酥,酥,sū,,,,8
颠,顛,diān,,,,8
翔,翔,xiáng,,,,8
削,削,xuē,,,,8
筛,篩,shāi,,,,8
筋,筋,jīn,,,,8
锐,銳,ruì,,,,8
碳,碳,tàn,,,,8
眉,眉,méi,,,,8
攒,攢,zǎn,,,,8
墟,墟,xū,,,,8
诀,訣,jué,,,,8
驳,駁,bó,,,,8
缸,缸,gāng,,,,8
辨,辨,biàn,,,,8
蘑,蘑,mó,,,,8
菇,菇,gū,,,,8
拌,拌,bàn,,,,8
滤,濾,lǜ,,,,8
瞩,矚,zhǔ,,,,8
凝,凝,níng,,,,8
凹,凹,āo,,,,8
君,君,jūn,,,,8
衷,衷,zhōng,,,,8
粪,糞,fèn,,,,8
痰,痰,tán,,,,8
宵,宵,xiāo,,,,8
筝,箏,zhēng,,,,8
郑,鄭,zhèng,,,,8
泌,泌,mì,,,,8
梳,梳,shū,,,,8
乞,乞,qǐ,,,,8
丐,丐,gài,,,,8
膏,膏,gāo,,,,8
揽,攬,lǎn,,,,8
绯,緋,fēi,,,,8
畸,畸,jī,,,,8
拣,揀,jiǎn,,,,8
剔,剔,tī,,,,8
捍,捍,hàn,,,,8
殿,殿,diàn,,,,8
敷,敷,fū,,,,8
姥,姥,lǎo,,,,8
俄,俄,é,,,,8
肆,肆,sì,,,,8
躁,躁,zào,,,,8
搓,搓,cuō,,,,8
蹬,蹬,dēng,,,,8
肢,肢,zhī,,,,8
衰,衰,shuāi,,,,8
仙,仙,xiān,,,,8
绷,繃,bēng,,,,8
鸣,鳴,míng,,,,8
撇,撇,piē,,,,8
颖,穎,yǐng,,,,8
廓,廓,kuò,,,,8
婿,婿,xù,,,,8
绞,絞,jiǎo,,,,8
崖,崖,yá,,,,8
僻,僻,pì,,,,8
呛,嗆,qiāng,,,,8
搁,擱,gē,,,,8
溅,濺,jiàn,,,,8
恳,懇,kěn,,,,8
衅,釁,xìn,,,,8
俘,俘,fú,,,,8
虏,虜,lǔ,,,,8
诫,誡,jiè,,,,8
苛,苛,kē,,,,8
沸,沸,fèi,,,,8
踹,踹,chuài,,,,8
凳,凳,dèng,,,,8
叼,叼,diāo,,,,8
枯,枯,kū,,,,8
绽,綻,zhàn,,,,8
淌,淌,tǎng,,,,8
惭,慚,cán,,,,8
颊,頰,jiá,,,,8
碑,碑,bēi,,,,8
镶,鑲,xiāng,,,,8
洽,洽,qià,,,,8
冤,冤,yuān,,,,8
枉,枉,wǎng,,,,8
绰,綽,chuò,,,,8
屿,嶼,yǔ,,,,8
嚷,嚷,rǎng,,,,8
敛,斂,liǎn,,,,8
揣,揣,chuāi,,,,8
痹,痺,bì,,,,8
伺,伺,cì,,,,8
驯,馴,xùn,,,,8
津,津,jīn,,,,8
掺,摻,càn,,,,8
竭,竭,jié,,,,8
掰,掰,bāi,,,,8
痴,痴,chī,,,,8
驭,馭,yù,,,,8
哑,啞,yǎ,,,,8
卵,卵,luǎn,,,,8
泽,澤,zé,,,,8
蒜,蒜,suàn,,,,8
榨,榨,zhà,,,,8
绸,綢,chóu,,,,8
拴,拴,shuān,,,,8
塘,塘,táng,,,,8
淹,淹,yān,,,,8
髓,髓,suǐ,,,,8
鞠,鞠,jū,,,,8
躬,躬,gōng,,,,8
呐,吶,nà,,,,8
晋,晉,jìn,,,,8
缉,緝,jī,,,,8
悼,悼,dào,,,,8
涕,涕,tì,,,,8
聋,聾,lóng,,,,8
昆,昆崑,kūn,,,,8
畏,畏,wèi,,,,8
掠,掠,lüè,,,,8
捎,捎,shāo,,,,8
溯,溯,sù,,,,8
牧,牧,mù,,,,8
紊,紊,wěn,,,,8
淆,淆,xiáo,,,,8
蚀,蝕,shí,,,,8
巅,巔,diān,,,,8
惦,惦,diàn,,,,8
氏,氏,shì,,,,8
涮,涮,shuàn,,,,8
僵,僵,jiāng,,,,8
觅,覓,mì,,,,8
媚,媚,mèi,,,,8
焚,焚,fén,,,,8
诽,誹,fěi,,,,8
谤,謗,bàng,,,,8
钦,欽,qīn,,,,8
蘸,蘸,zhàn,,,,8
峙,峙,zhì,,,,8
妖,妖,yāo,,,,8
抨,抨,pēng,,,,8
眨,眨,zhǎ,,,,8
瓣,瓣,bàn,,,,8
忌,忌,jì,,,,8
堡,堡,bǎo,,,,8
垒,壘,lěi,,,,8
僚,僚,liáo,colega,Esta PERSONA no se QUEMA gracias a su COLEGA.,Esta PERSONA no se QUEMA gracias a su COLEGA.,8
膛,膛,táng,,,,8
煽,煽,shān,,,,8
岳,嶽岳,yuè,,,,8
矫,矯,jiǎo,,,,8
爪,爪,zhǎo,,,,8
纽,紐,niǔ,,,,8
囱,囪,cōng,,,,8
挚,摯,zhì,,,,8
溪,溪,xī,,,,8
稼,稼,jià,,,,8
嗜,嗜,shì,,,,8
绵,緜綿,mián,,,,8
惰,惰,duò,,,,8
睬,睬,cǎi,,,,8
辫,辮,biàn,,,,8
睦,睦,mù,,,,8
杖,杖,zhàng,,,,8
铭,銘,míng,,,,8
畜,畜,chù,,,,8
沼,沼,zhǎo,,,,8
黏,黏,nián,,,,8
稻,稻,dào,,,,8
帕,帕,pà,,,,8
萧,蕭,xiāo,,,,8
裔,裔,yì,,,,8
遛,遛,liú,,,,8
肖,肖,xiào,,,,8
厄,厄,è,,,,8
渺,渺,miǎo,,,,8
毙,獘斃,bì,,,,8
饵,餌,ěr,,,,8
猩,猩,xīng,,,,8
凿,鑿,záo,,,,8
瘟,瘟,wēn,,,,8
斑,斑,bān,,,,8
焊,焊,hàn,,,,8
蔼,藹,ǎi,,,,8
嗅,嗅,xiù,,,,8
巫,巫,wū,,,,8
桑,桑,sāng,,,,8
匠,匠,jiàng,,,,8
锈,銹,xiù,,,,8
婉,婉,wǎn,,,,8
陨,隕,yǔn,,,,8
怯,怯,qiè,,,,8
椰,椰,yē,,,,8
螺,螺,luó,,,,8
朽,朽,xiǔ,,,,8
窍,竅,qiào,,,,8
哨,哨,shào,,,,8
橙,橙,chéng,,,,8
柄,柄,bǐng,,,,8
魁,魁,kuí,,,,8
莽,莽,mǎng,,,,8
熄,熄,xī,,,,8
昧,昧,mèi,,,,8
挟,挾,xié,,,,8
犬,犬,quǎn,,,,8
唾,唾,tuò,,,,8
兆,兆,zhào,,,,8
靶,靶,bǎ,,,,8
柬,柬,jiǎn,,,,8
烘,烘,hōng,,,,8
斧,斧,fǔ,,,,8
殃,殃,yāng,,,,8
钳,鉗,qián,,,,8
秽,穢,huì,,,,8
藻,藻,zǎo,,,,8
咧,咧,liě,,,,9
汛,汛,xùn,,,,9
昔,昔,xī,,,,9
帖,帖,tiē,,,,9
亩,畝,mǔ,,,,9
盈,盈,yíng,,,,9
凸,凸,tū,,,,9
磋,磋,cuō,,,,9
荫,蔭,yīn,,,,9
飙,飆,biāo,,,,9
垄,壟,lǒng,,,,9
曰,曰,yuē,,,,9
拓,拓,tuò,,,,9
禾,禾,hé,,,,9
卤,鹵滷,lǔ,,,,9
禅,禪,chán,,,,9
侃,侃,kǎn,,,,9
舟,舟,zhōu,,,,9
弧,弧,hú,,,,9
鹏,鵬,péng,,,,9
槛,檻,kǎn,,,,9
儒,儒,rú,,,,9
旨,旨,zhǐ,,,,9
纺,紡,fǎng,,,,9
炭,炭,tàn,,,,9
媳,媳,xí,,,,9
颈,頸,jǐng,,,,9
腻,膩,nì,,,,9
玄,玄,xuán,,,,9
辟,辟闢,pì,,,,9
矣,矣,yǐ,,,,9
旬,旬,xún,,,,9
捂,捂,wǔ,,,,9
狭,狹,xiá,,,,9
茅,茅,máo,,,,9
阐,闡,chǎn,,,,9
彰,彰,zhāng,,,,9
奠,奠,diàn,,,,9
饲,飼,sì,,,,9
萎,萎,wēi,,,,9
遏,遏,è,,,,9
坝,壩,bà,,,,9
匀,勻,yún,,,,9
晤,晤,wù,,,,9
啸,嘯,xiào,,,,9
畴,疇,chóu,,,,9
伦,倫,lún,,,,9
栓,栓,shuān,,,,9
绣,繡,xiù,,,,9
侨,僑,qiáo,,,,9
撰,撰,zhuàn,,,,9
竣,竣,jùn,,,,9
逝,逝,shì,,,,9
秤,秤,chèng,,,,9
顷,頃,qǐng,,,,9
譬,譬,pì,,,,9
茫,茫,máng,,,,9
刑,刑,xíng,castigo,ABRIMOS la ESPADA para este CASTIGO.,ABRIMOS la ESPADA para este CASTIGO.,9
窑,窯,yáo,,,,9
屡,屢,lǚ,,,,9
菊,菊,jú,,,,9
呵,呵,hē,,,,9
耕,耕,gēng,,,,9
煲,煲,bāo,,,,9
倘,倘,tǎng,,,,9
仲,仲,zhòng,,,,9
缕,縷,lǚ,,,,9
闸,閘牐,zhá,,,,9
屑,屑,xiè,,,,9
溢,溢,yì,,,,9
杜,杜,dù,,,,9
舶,舶,bó,,,,9
屯,屯,tún,,,,9
瞅,瞅,chǒu,,,,9
莲,蓮,lián,,,,9
朦,朦,méng,,,,9
胧,朧,lóng,,,,9
芽,芽,yá,,,,9
拱,拱,gǒng,,,,9
渔,漁,yú,,,,9
缀,綴,zhuì,,,,9
旱,旱,hàn,,,,9
弘,弘,hóng,,,,9
卉,卉,huì,,,,9
朴,朴樸,pǔ,,,,9
倚,倚,yǐ,,,,9
荡,蕩,dàng,,,,9
贬,貶,biǎn,,,,9
躯,軀,qū,,,,9
夷,夷,yí,,,,9
轴,軸,zhóu,,,,9
涤,滌,dí,,,,9
赤,赤,chì,,,,9
滞,滯,zhì,,,,9
嫂,嫂,sǎo,,,,9
缔,締,dì,,,,9
赃,贓,zāng,,,,9
菩,菩,pú,,,,9
萨,薩,sà,,,,9
曙,曙,shǔ,,,,9
秧,秧,yāng,,,,9
泻,瀉,xiè,,,,9
禽,禽,qín,,,,9
诧,詫,chà,,,,9
讹,訛,é,,,,9
廷,廷,tíng,tribunal,"Los PORTADORES de la justicia, a veces ESTIRAN la ley a su conveniencia en los TRIBUNALES.","Los PORTADORES de la justicia, a veces ESTIRAN la ley a su conveniencia en los TRIBUNALES.",9
贾,賈,jiǎ,,,,9
恤,卹恤,xù,,,,9
弈,弈,yì,,,,9
徽,徽,huī,,,,9
卒,卒,zú,finalizar,SEGUIMOS estas DIEZ CHISTERAS para FINALIZAR esta exposición de sombreros.,SEGUIMOS estas DIEZ CHISTERAS para FINALIZAR esta exposición de sombreros.,9
囊,囊,náng,,,,9
惋,惋,wǎn,,,,9
沧,滄,cāng,,,,9
踊,踊踴,yǒng,,,,9
淀,澱淀,diàn,,,,9
毅,毅,yì,,,,9
燕,燕,yàn,,,,9
腥,腥,xīng,,,,9
桨,槳,jiǎng,,,,9
枢,樞,shū,,,,9
牡,牡,mǔ,,,,9
丹,丹,dān,,,,9
霞,霞,xiá,,,,9
鞭,鞭,biān,,,,9
炊,炊,chuī,,,,9
隙,隙,xì,,,,9
暮,暮,mù,,,,9
昼,晝,zhòu,,,,9
怠,怠,dài,,,,9
岂,豈,qǐ,,,,9
迭,迭,dié,,,,9
懈,懈,xiè,,,,9
乔,喬,qiáo,,,,9
馅,餡,xiàn,,,,9
沽,沽,gū,,,,9
瑞,瑞,ruì,,,,9
衍,衍,yǎn,,,,9
哗,嘩,huā,,,,9
芦,蘆,lú,,,,9
叮,叮,dīng,,,,9
冈,岡,gāng,,,,9
纹,紋,wén,,,,9
泊,泊,pō,,,,9
溉,溉,gài,,,,9
遂,遂,suì,,,,9
胚,胚,pēi,,,,9
祀,祀,sì,,,,9
甘,甘,gān,,,,9
筐,筐,kuāng,,,,9
匪,匪,fěi,,,,9
诵,誦,sòng,,,,9
捶,捶,chuí,,,,9
抒,抒,shū,,,,9
倔,倔,jué,,,,9
秃,禿,tū,,,,9
凄,淒凄,qī,,,,9
抠,摳,kōu,,,,9
赫,赫,hè,,,,9
敦,敦,dūn,,,,9
汹,洶,xiōng,,,,9
伊,伊,yī,,,,9
兰,蘭,lán,,,,9
逾,逾,yú,,,,9
勘,勘,kān,,,,9
狈,狽,bèi,,,,9
酵,酵,jiào,,,,9
嵌,嵌,qiàn,,,,9
韵,韻,yùn,,,,9
灸,灸,jiǔ,,,,9
刨,刨,páo,,,,9
浆,漿,jiāng,,,,9
孝,孝,xiào,,,,9
渊,淵,yuān,,,,9
媲,媲,pì,,,,9
逸,逸,yì,,,,9
澜,瀾,lán,,,,9
弛,弛,chí,,,,9
沛,沛,pèi,,,,9
枣,棗,zǎo,,,,9
颓,頹,tuí,,,,9
荧,熒,yíng,,,,9
铸,鑄,zhù,,,,9
巷,巷,xiàng,,,,9
喧,喧,xuān,,,,9
陡,陡,dǒu,,,,9
缅,緬,miǎn,,,,9
孵,孵,fū,,,,9
粽,粽,zòng,,,,9
逊,遜,xùn,,,,9
溶,溶,róng,,,,9
蕴,蘊,yùn,,,,9
荷,荷,hé,,,,9
隘,隘,ài,,,,9
韧,韌,rèn,,,,9
缤,繽,bīn,,,,9
魄,魄,pò,,,,9
恍,恍,huǎng,,,,9
哆,哆,duō,,,,9
嗦,嗦,suo,,,,9
闺,閨,guī,,,,9
庸,庸,yōng,mediocre,USAR el PINCEL más AMPLIO es MEDIOCRE.,USAR el PINCEL más AMPLIO es MEDIOCRE.,9
滔,滔,tāo,,,,9
拢,攏,lǒng,,,,9
烹,烹,pēng,,,,9
腺,腺,xiàn,,,,9
桂,桂,guì,,,,9
阀,閥,fá,,,,9
颂,頌,sòng,,,,9
僧,僧,sēng,monje,Esta PERSONA ANTERIORMENTE era un MONJE.,Esta PERSONA ANTERIORMENTE era un MONJE.,9
芬,芬,fēn,,,,9
芳,芳,fāng,,,,9
焕,煥,huàn,,,,9
膳,膳,shàn,,,,9
霸,霸,bà,,,,9
讳,諱,huì,,,,9
萌,萌,méng,,,,9
驮,馱,tuó,,,,9
漾,漾,yàng,,,,9
秉,秉,bǐng,,,,9
莹,瑩,yíng,,,,9
俭,儉,jiǎn,,,,9
蓬,蓬,péng,,,,9
勃,勃,bó,,,,9
辰,辰,chén,,,,9
抡,掄,lūn,,,,9
伯,伯,bó,,,,9
袍,袍,páo,,,,9
茎,莖,jīng,,,,9
汪,汪,wāng,,,,9
徐,徐,xú,,,,9
歼,殲,jiān,,,,9
迪,迪,dí,,,,9
畔,畔,pàn,,,,9
蔑,衊蔑,miè,,,,9
阂,閡,hé,,,,9
馋,饞,chán,,,,9
楷,楷,kǎi,,,,9
稠,稠,chóu,,,,9
挎,挎,kuà,,,,9
疆,疆,jiāng,,,,9
荆,荊,jīng,,,,9
窘,窘,jiǒng,,,,9
辽,遼,liáo,,,,9
旭,旭,xù,,,,9
棚,棚,péng,,,,9
鼎,鼎,dǐng,,,,9
驰,馳,chí,,,,9
窟,窟,kū,,,,9
窿,窿,lóng,,,,9
碟,碟,dié,,,,9
缆,纜,lǎn,,,,9
寨,寨,zhài,,,,9
屹,屹,yì,,,,9
殷,殷,yīn,,,,9
拄,拄,zhǔ,,,,9
仆,僕仆,pū,,,,9
巢,巢,cháo,,,,9
馁,餒,něi,,,,9
柳,柳,liǔ,,,,9
簇,簇,cù,,,,9
潭,潭,tán,,,,9
吭,吭,kēng,,,,9
霍,霍,huò,,,,9
刁,刁,diāo,,,,9
猖,猖,chāng,,,,9
棱,稜棱,léng,,,,9
竿,竿,gān,,,,9
穴,穴,xué,,,,9
蒂,蒂,dì,,,,9
辙,轍,zhé,,,,9
凯,凱,kǎi,,,,9
搀,攙,chān,,,,9
豁,豁,huō,,,,9
礁,礁,jiāo,,,,9
彬,彬,bīn,,,,9
浩,浩,hào,,,,9
茂,茂,mào,,,,9
甸,甸,diān,,,,9
赡,贍,shàn,,,,9
熙,熙,xī,,,,9
攘,攘,rǎng,,,,9
舵,舵,duò,,,,9
川,川,chuān,,,,9
孪,孿,luán,,,,9
慑,懾慴,shè,,,,9
丘,丘,qiū,,,,9
陵,陵,líng,,,,9
尼,尼,ní,monja,Con una CUCHARA examina este CADÁVER esta MONJA.,Con una CUCHARA examina este CADÁVER esta MONJA.,9
嫦,嫦,cháng,,,,9
娥,娥,é,,,,9
冗,冗,rǒng,,,,9
拙,拙,zhuō,,,,9
耸,聳,sǒng,,,,9
涛,濤,tāo,,,,9
笛,笛,dí,,,,9
骏,駿,jùn,,,,9
兢,兢,jīng,,,,9
贞,貞,zhēn,,,,9
寥,寥,liáo,,,,9
涝,澇,lào,,,,9
脊,脊,jí,,,,9
翠,翠,cuì,,,,9
灼,灼,zhuó,,,,9
戈,戈,gē,lanza,Este BASTÓN con punta de FLECHA es una LANZA.,Este BASTÓN con punta de FLECHA es una LANZA.,9
逞,逞,chěng,,,,9
碧,碧,bì,,,,9
呜,嗚,wū,,,,9
纬,緯,wěi,,,,9
贤,賢,xián,,,,9
吏,吏,lì,,,,9
杨,楊,yáng,,,,9
腊,臘腊臈,là,,,,9
瞻,瞻,zhān,,,,9
栖,棲,qī,,,,9
沃,沃,wò,,,,9
贮,貯,zhù,,,,9
骇,駭,hài,,,,9
侍,侍,shì,,,,9
讥,譏,jī,,,,9
酌,酌,zhuó,,,,9
阎,閻,yán,,,,9
佐,佐,zuǒ,,,,9
槐,槐,huái,,,,9
臊,臊,sāo,,,,9
旷,曠,kuàng,,,,9
锦,錦,jǐn,,,,9
浊,濁,zhuó,,,,9
垦,墾,kěn,,,,9
涡,渦,wō,,,,9
函,函,hán,,,,9
奸,姦奸,jiān,,,,9
岔,岔,chà,,,,9
鹤,鶴,hè,,,,9
梢,梢,shāo,,,,9
砌,砌,qì,,,,9
柏,柏,bǎi,,,,9
哺,餔哺,bǔ,,,,9
俏,俏,qiào,,,,9
嬉,嬉,xī,,,,9
钧,鈞,jūn,,,,9
砂,砂,shā,,,,9
娇,嬌,jiāo,,,,9
侠,俠,xiá,,,,9
岭,嶺,lǐng,,,,9
雁,雁,yàn,,,,9
沏,沏,qī,,,,9
鸦,鴉,yā,,,,9
雀,雀,què,,,,9
泰,泰,tài,,,,9
絮,絮,xù,,,,9
矢,矢,shǐ,,,,9
磊,磊,lěi,,,,9
醇,醇,chún,,,,9
渣,渣,zhā,,,,9
冶,冶,yě,,,,9
灶,灶,zào,,,,9
杠,槓杠,gāng,,,,9
潦,潦,lǎo,,,,9
酣,酣,hān,,,,9
俯,俯,fǔ,,,,9
藤,藤,téng,,,,9
咏,詠,yǒng,,,,9
萍,萍,píng,,,,9
耿,耿,gěng,,,,9
怡,怡,yí,,,,9
橱,櫥,chú,,,,9
朱,硃朱,zhū,,,,9
沐,沐,mù,,,,9
盹,盹,dǔn,,,,9
亭,亭,tíng,,,,9
浙,浙,zhè,,,,9
杭,杭,háng,,,,9
刘,劉,liú,,,,9
赵,趙,zhào,,,,9
冯,馮,féng,,,,9
渝,渝,yú,,,,9
澳,澳,ào,,,,9
秦,秦,qín,,,,9
吕,呂,lǚ,,,,9
韩,韓,hán,,,,9
孟,孟,mèng,,,,9
宋,宋,sòng,,,,9
蜀,蜀,shǔ,,,,9
沪,滬,hù,,,,9
魏,魏,wèi,,,,9
吴,吳,wú,,,,9
州,州,zhōu,,,,9
洲,洲,zhōu,,,,9
郭,郭,guō,,,,9
欧,歐,ōu,,,,9
浦,浦,pǔ,,,,9
孔,孔,kǒng,,,,9
唐,唐,táng,tang,El AMPLIO conocimiento de las BOCAS se escribía con PINCELES en la dinastía TANG.,El AMPLIO conocimiento de las BOCAS se escribía con PINCELES en la dinastía TANG.,9
潘,潘,pān,,,,9
邓,鄧,dèng,,,,9
淮,淮,huái,,,,9
袁,袁,yuán,,,,9
粤,粵,yuè,,,,9
曹,曹,cáo,,,,9
巳,巳,sì,serpiente,YO con un BASTÓN aparto a la SERPIENTE de mi camino.,YO con un BASTÓN aparto a la SERPIENTE de mi camino.,-
匕,匕,bǐ,cuchara,Pictograma de una CUCHARA.,Pictograma de una CUCHARA.,-
吾,吾,wú,yo,"Nuestros CINCO sentidos son nuestras BOCAS hacia el mundo, y equivalen a un YO.","Nuestros CINCO sentidos son nuestras BOCAS hacia el mundo, y equivalen a un YO.",-
厶,厶,sī,privado,Pictograma de algo PRIVADO.,Pictograma de algo PRIVADO.,-
庶,庶,shù,plebeyo,VEINTE AMPLIOS FUEGOS tienen los PLEBEYOS en esta área.,VEINTE AMPLIOS FUEGOS tienen los PLEBEYOS en esta área.,-
寮,寮,liáo,dormitorio,Protegemos esta CASA para que no se QUEME ya que es nuestro DORMITORIO.,Protegemos esta CASA para que no se QUEME ya que es nuestro DORMITORIO.,-